-- phpMyAdmin SQL Dump
-- version 4.5.1
-- http://www.phpmyadmin.net
--
-- Host: 127.0.0.1
-- Generation Time: Sep 10, 2020 at 10:33 PM
-- Server version: 10.1.19-MariaDB
-- PHP Version: 5.6.24

SET SQL_MODE = "NO_AUTO_VALUE_ON_ZERO";
SET time_zone = "+00:00";


/*!40101 SET @OLD_CHARACTER_SET_CLIENT=@@CHARACTER_SET_CLIENT */;
/*!40101 SET @OLD_CHARACTER_SET_RESULTS=@@CHARACTER_SET_RESULTS */;
/*!40101 SET @OLD_COLLATION_CONNECTION=@@COLLATION_CONNECTION */;
/*!40101 SET NAMES utf8mb4 */;

--
-- Database: `oragne_factory_cms`
--

-- --------------------------------------------------------

--
-- Table structure for table `daily_attendance`
--

CREATE TABLE `daily_attendance` (
  `id` int(11) NOT NULL,
  `foremanId` int(11) DEFAULT NULL COMMENT 'for labours',
  `attendanceOfId` int(11) DEFAULT NULL COMMENT 'jis ki attendance hai us ki id',
  `attendanceDate` date DEFAULT NULL,
  `attendance` int(11) DEFAULT NULL COMMENT '1 = present , 0 = absent',
  `perDayAmount` int(11) DEFAULT NULL COMMENT 'jo per day ki amount banti hai',
  `managing` int(11) DEFAULT NULL COMMENT '1 = transport,2=foreman,3=labour'
) ENGINE=InnoDB DEFAULT CHARSET=latin1;

--
-- Dumping data for table `daily_attendance`
--

INSERT INTO `daily_attendance` (`id`, `foremanId`, `attendanceOfId`, `attendanceDate`, `attendance`, `perDayAmount`, `managing`) VALUES
(1, NULL, 3, '2020-08-30', 1, 2000, 1),
(2, NULL, 3, '2020-08-31', 1, 2000, 1),
(3, NULL, 3, '2020-09-01', 1, 2000, 1),
(5, NULL, 3, '2020-09-02', 0, 2000, 1),
(6, NULL, 1, '2020-09-03', 1, 60000, 1),
(8, NULL, 3, '2020-09-03', 1, 2000, 1),
(9, NULL, 4, '2020-09-03', 1, 2000, 1),
(10, NULL, 5, '2020-08-01', 1, 2166, 1),
(11, NULL, 5, '2020-08-02', 1, 2166, 1),
(12, NULL, 5, '2020-08-03', 1, 2166, 1),
(13, NULL, 5, '2020-08-04', 1, 2166, 1),
(14, NULL, 5, '2020-08-05', 1, 2166, 1),
(15, NULL, 5, '2020-08-06', 1, 2166, 1),
(16, NULL, 5, '2020-08-07', 1, 2166, 1),
(17, NULL, 5, '2020-08-08', 1, 2166, 1),
(18, NULL, 5, '2020-08-09', 1, 2166, 1),
(19, NULL, 5, '2020-08-10', 1, 2166, 1),
(20, NULL, 5, '2020-08-11', 1, 2166, 1),
(21, NULL, 5, '2020-08-12', 1, 2166, 1),
(22, NULL, 5, '2020-08-13', 1, 2166, 1),
(23, NULL, 5, '2020-08-14', 1, 2166, 1),
(24, NULL, 5, '2020-08-15', 1, 2166, 1),
(25, NULL, 5, '2020-08-16', 1, 2166, 1),
(26, NULL, 5, '2020-08-17', 1, 2166, 1),
(27, NULL, 5, '2020-08-18', 1, 2166, 1),
(28, NULL, 5, '2020-08-19', 1, 2166, 1),
(29, NULL, 5, '2020-08-20', 1, 2166, 1),
(30, NULL, 5, '2020-08-21', 1, 2166, 1),
(31, NULL, 5, '2020-08-22', 1, 2166, 1),
(32, NULL, 5, '2020-08-23', 1, 2166, 1),
(33, NULL, 5, '2020-08-24', 1, 2166, 1),
(34, NULL, 5, '2020-08-25', 1, 2166, 1),
(35, NULL, 5, '2020-08-26', 1, 2166, 1),
(36, NULL, 5, '2020-08-27', 1, 2166, 1),
(37, NULL, 5, '2020-08-28', 1, 2166, 1),
(38, NULL, 5, '2020-08-29', 1, 2166, 1),
(39, NULL, 5, '2020-08-30', 1, 2166, 1),
(40, NULL, 5, '2020-08-31', 1, 2166, 1),
(41, NULL, 5, '2020-09-01', 1, 2166, 1),
(42, NULL, 5, '2020-09-02', 1, 2166, 1),
(43, NULL, 5, '2020-09-03', 1, 2166, 1),
(44, NULL, 3, '2020-09-04', 1, 2000, 1),
(45, NULL, 3, '2020-09-07', 1, 2000, 1),
(46, NULL, 1, '2020-09-01', 1, NULL, 2),
(47, NULL, 1, '2020-09-02', 1, NULL, 2),
(48, NULL, 1, '2020-09-03', 1, NULL, 2),
(49, NULL, 1, '2020-09-04', 1, NULL, 2),
(50, NULL, 1, '2020-09-05', 1, NULL, 2),
(51, NULL, 1, '2020-09-06', 0, NULL, 2),
(52, NULL, 1, '2020-09-07', 1, NULL, 2),
(53, NULL, 1, '2020-09-07', 1, 60000, 1),
(54, NULL, 2, '1970-01-01', 1, NULL, 2),
(55, NULL, 2, '1970-01-02', 1, NULL, 2),
(56, NULL, 2, '1970-01-03', 1, NULL, 2),
(57, NULL, 2, '1970-01-04', 1, NULL, 2),
(58, NULL, 2, '1970-01-05', 1, NULL, 2),
(59, NULL, 2, '1970-01-06', 1, NULL, 2),
(60, NULL, 2, '1970-01-07', 1, NULL, 2),
(61, NULL, 2, '1970-01-08', 1, NULL, 2),
(62, NULL, 2, '1970-01-09', 1, NULL, 2),
(63, NULL, 2, '1970-01-10', 1, NULL, 2),
(64, NULL, 2, '1970-01-11', 1, NULL, 2),
(65, NULL, 2, '1970-01-12', 1, NULL, 2),
(66, NULL, 2, '1970-01-13', 1, NULL, 2),
(67, NULL, 2, '1970-01-14', 1, NULL, 2),
(68, NULL, 2, '1970-01-15', 1, NULL, 2),
(69, NULL, 2, '1970-01-16', 1, NULL, 2),
(70, NULL, 2, '1970-01-17', 1, NULL, 2),
(71, NULL, 2, '1970-01-18', 1, NULL, 2),
(72, NULL, 2, '1970-01-19', 1, NULL, 2),
(73, NULL, 2, '1970-01-20', 1, NULL, 2),
(74, NULL, 2, '1970-01-21', 1, NULL, 2),
(75, NULL, 2, '1970-01-22', 1, NULL, 2),
(76, NULL, 2, '1970-01-23', 1, NULL, 2),
(77, NULL, 2, '1970-01-24', 1, NULL, 2),
(78, NULL, 2, '1970-01-25', 1, NULL, 2),
(79, NULL, 2, '1970-01-26', 1, NULL, 2),
(80, NULL, 2, '1970-01-27', 1, NULL, 2),
(81, NULL, 2, '1970-01-28', 1, NULL, 2),
(82, NULL, 2, '1970-01-29', 1, NULL, 2),
(83, NULL, 2, '1970-01-30', 1, NULL, 2),
(84, NULL, 2, '1970-01-31', 1, NULL, 2),
(85, NULL, 2, '1970-02-01', 1, NULL, 2),
(86, NULL, 2, '1970-02-02', 1, NULL, 2),
(87, NULL, 2, '1970-02-03', 1, NULL, 2),
(88, NULL, 2, '1970-02-04', 1, NULL, 2),
(89, NULL, 2, '1970-02-05', 1, NULL, 2),
(90, NULL, 2, '1970-02-06', 1, NULL, 2),
(91, NULL, 2, '1970-02-07', 1, NULL, 2),
(92, NULL, 2, '1970-02-08', 1, NULL, 2),
(93, NULL, 2, '1970-02-09', 1, NULL, 2),
(94, NULL, 2, '1970-02-10', 1, NULL, 2),
(95, NULL, 2, '1970-02-11', 1, NULL, 2),
(96, NULL, 2, '1970-02-12', 1, NULL, 2),
(97, NULL, 2, '1970-02-13', 1, NULL, 2),
(98, NULL, 2, '1970-02-14', 1, NULL, 2),
(99, NULL, 2, '1970-02-15', 1, NULL, 2),
(100, NULL, 2, '1970-02-16', 1, NULL, 2),
(101, NULL, 2, '1970-02-17', 1, NULL, 2),
(102, NULL, 2, '1970-02-18', 1, NULL, 2),
(103, NULL, 2, '1970-02-19', 1, NULL, 2),
(104, NULL, 2, '1970-02-20', 1, NULL, 2),
(105, NULL, 2, '1970-02-21', 1, NULL, 2),
(106, NULL, 2, '1970-02-22', 1, NULL, 2),
(107, NULL, 2, '1970-02-23', 1, NULL, 2),
(108, NULL, 2, '1970-02-24', 1, NULL, 2),
(109, NULL, 2, '1970-02-25', 1, NULL, 2),
(110, NULL, 2, '1970-02-26', 1, NULL, 2),
(111, NULL, 2, '1970-02-27', 1, NULL, 2),
(112, NULL, 2, '1970-02-28', 1, NULL, 2),
(113, NULL, 2, '1970-03-01', 1, NULL, 2),
(114, NULL, 2, '1970-03-02', 1, NULL, 2),
(115, NULL, 2, '1970-03-03', 1, NULL, 2),
(116, NULL, 2, '1970-03-04', 1, NULL, 2),
(117, NULL, 2, '1970-03-05', 1, NULL, 2),
(118, NULL, 2, '1970-03-06', 1, NULL, 2),
(119, NULL, 2, '1970-03-07', 1, NULL, 2),
(120, NULL, 2, '1970-03-08', 1, NULL, 2),
(121, NULL, 2, '1970-03-09', 1, NULL, 2),
(122, NULL, 2, '1970-03-10', 1, NULL, 2),
(123, NULL, 2, '1970-03-11', 1, NULL, 2),
(124, NULL, 2, '1970-03-12', 1, NULL, 2),
(125, NULL, 2, '1970-03-13', 1, NULL, 2),
(126, NULL, 2, '1970-03-14', 1, NULL, 2),
(127, NULL, 2, '1970-03-15', 1, NULL, 2),
(128, NULL, 2, '1970-03-16', 1, NULL, 2),
(129, NULL, 2, '1970-03-17', 1, NULL, 2),
(130, NULL, 2, '1970-03-18', 1, NULL, 2),
(131, NULL, 2, '1970-03-19', 1, NULL, 2),
(132, NULL, 2, '1970-03-20', 1, NULL, 2),
(133, NULL, 2, '1970-03-21', 1, NULL, 2),
(134, NULL, 2, '1970-03-22', 1, NULL, 2),
(135, NULL, 2, '1970-03-23', 1, NULL, 2),
(136, NULL, 2, '1970-03-24', 1, NULL, 2),
(137, NULL, 2, '1970-03-25', 1, NULL, 2),
(138, NULL, 2, '1970-03-26', 1, NULL, 2),
(139, NULL, 2, '1970-03-27', 1, NULL, 2),
(140, NULL, 2, '1970-03-28', 1, NULL, 2),
(141, NULL, 2, '1970-03-29', 1, NULL, 2),
(142, NULL, 2, '1970-03-30', 1, NULL, 2),
(143, NULL, 2, '1970-03-31', 1, NULL, 2),
(144, NULL, 2, '1970-04-01', 1, NULL, 2),
(145, NULL, 2, '1970-04-02', 1, NULL, 2),
(146, NULL, 2, '1970-04-03', 1, NULL, 2),
(147, NULL, 2, '1970-04-04', 1, NULL, 2),
(148, NULL, 2, '1970-04-05', 1, NULL, 2),
(149, NULL, 2, '1970-04-06', 1, NULL, 2),
(150, NULL, 2, '1970-04-07', 1, NULL, 2),
(151, NULL, 2, '1970-04-08', 1, NULL, 2),
(152, NULL, 2, '1970-04-09', 1, NULL, 2),
(153, NULL, 2, '1970-04-10', 1, NULL, 2),
(154, NULL, 2, '1970-04-11', 1, NULL, 2),
(155, NULL, 2, '1970-04-12', 1, NULL, 2),
(156, NULL, 2, '1970-04-13', 1, NULL, 2),
(157, NULL, 2, '1970-04-14', 1, NULL, 2),
(158, NULL, 2, '1970-04-15', 1, NULL, 2),
(159, NULL, 2, '1970-04-16', 1, NULL, 2),
(160, NULL, 2, '1970-04-17', 1, NULL, 2),
(161, NULL, 2, '1970-04-18', 1, NULL, 2),
(162, NULL, 2, '1970-04-19', 1, NULL, 2),
(163, NULL, 2, '1970-04-20', 1, NULL, 2),
(164, NULL, 2, '1970-04-21', 1, NULL, 2),
(165, NULL, 2, '1970-04-22', 1, NULL, 2),
(166, NULL, 2, '1970-04-23', 1, NULL, 2),
(167, NULL, 2, '1970-04-24', 1, NULL, 2),
(168, NULL, 2, '1970-04-25', 1, NULL, 2),
(169, NULL, 2, '1970-04-26', 1, NULL, 2),
(170, NULL, 2, '1970-04-27', 1, NULL, 2),
(171, NULL, 2, '1970-04-28', 1, NULL, 2),
(172, NULL, 2, '1970-04-29', 1, NULL, 2),
(173, NULL, 2, '1970-04-30', 1, NULL, 2),
(174, NULL, 2, '1970-05-01', 1, NULL, 2),
(175, NULL, 2, '1970-05-02', 1, NULL, 2),
(176, NULL, 2, '1970-05-03', 1, NULL, 2),
(177, NULL, 2, '1970-05-04', 1, NULL, 2),
(178, NULL, 2, '1970-05-05', 1, NULL, 2),
(179, NULL, 2, '1970-05-06', 1, NULL, 2),
(180, NULL, 2, '1970-05-07', 1, NULL, 2),
(181, NULL, 2, '1970-05-08', 1, NULL, 2),
(182, NULL, 2, '1970-05-09', 1, NULL, 2),
(183, NULL, 2, '1970-05-10', 1, NULL, 2),
(184, NULL, 2, '1970-05-11', 1, NULL, 2),
(185, NULL, 2, '1970-05-12', 1, NULL, 2),
(186, NULL, 2, '1970-05-13', 1, NULL, 2),
(187, NULL, 2, '1970-05-14', 1, NULL, 2),
(188, NULL, 2, '1970-05-15', 1, NULL, 2),
(189, NULL, 2, '1970-05-16', 1, NULL, 2),
(190, NULL, 2, '1970-05-17', 1, NULL, 2),
(191, NULL, 2, '1970-05-18', 1, NULL, 2),
(192, NULL, 2, '1970-05-19', 1, NULL, 2),
(193, NULL, 2, '1970-05-20', 1, NULL, 2),
(194, NULL, 2, '1970-05-21', 1, NULL, 2),
(195, NULL, 2, '1970-05-22', 1, NULL, 2),
(196, NULL, 2, '1970-05-23', 1, NULL, 2),
(197, NULL, 2, '1970-05-24', 1, NULL, 2),
(198, NULL, 2, '1970-05-25', 1, NULL, 2),
(199, NULL, 2, '1970-05-26', 1, NULL, 2),
(200, NULL, 2, '1970-05-27', 1, NULL, 2),
(201, NULL, 2, '1970-05-28', 1, NULL, 2),
(202, NULL, 2, '1970-05-29', 1, NULL, 2),
(203, NULL, 2, '1970-05-30', 1, NULL, 2),
(204, NULL, 2, '1970-05-31', 1, NULL, 2),
(205, NULL, 2, '1970-06-01', 1, NULL, 2),
(206, NULL, 2, '1970-06-02', 1, NULL, 2),
(207, NULL, 2, '1970-06-03', 1, NULL, 2),
(208, NULL, 2, '1970-06-04', 1, NULL, 2),
(209, NULL, 2, '1970-06-05', 1, NULL, 2),
(210, NULL, 2, '1970-06-06', 1, NULL, 2),
(211, NULL, 2, '1970-06-07', 1, NULL, 2),
(212, NULL, 2, '1970-06-08', 1, NULL, 2),
(213, NULL, 2, '1970-06-09', 1, NULL, 2),
(214, NULL, 2, '1970-06-10', 1, NULL, 2),
(215, NULL, 2, '1970-06-11', 1, NULL, 2),
(216, NULL, 2, '1970-06-12', 1, NULL, 2),
(217, NULL, 2, '1970-06-13', 1, NULL, 2),
(218, NULL, 2, '1970-06-14', 1, NULL, 2),
(219, NULL, 2, '1970-06-15', 1, NULL, 2),
(220, NULL, 2, '1970-06-16', 1, NULL, 2),
(221, NULL, 2, '1970-06-17', 1, NULL, 2),
(222, NULL, 2, '1970-06-18', 1, NULL, 2),
(223, NULL, 2, '1970-06-19', 1, NULL, 2),
(224, NULL, 2, '1970-06-20', 1, NULL, 2),
(225, NULL, 2, '1970-06-21', 1, NULL, 2),
(226, NULL, 2, '1970-06-22', 1, NULL, 2),
(227, NULL, 2, '1970-06-23', 1, NULL, 2),
(228, NULL, 2, '1970-06-24', 1, NULL, 2),
(229, NULL, 2, '1970-06-25', 1, NULL, 2),
(230, NULL, 2, '1970-06-26', 1, NULL, 2),
(231, NULL, 2, '1970-06-27', 1, NULL, 2),
(232, NULL, 2, '1970-06-28', 1, NULL, 2),
(233, NULL, 2, '1970-06-29', 1, NULL, 2),
(234, NULL, 2, '1970-06-30', 1, NULL, 2),
(235, NULL, 2, '1970-07-01', 1, NULL, 2),
(236, NULL, 2, '1970-07-02', 1, NULL, 2),
(237, NULL, 2, '1970-07-03', 1, NULL, 2),
(238, NULL, 2, '1970-07-04', 1, NULL, 2),
(239, NULL, 2, '1970-07-05', 1, NULL, 2),
(240, NULL, 2, '1970-07-06', 1, NULL, 2),
(241, NULL, 2, '1970-07-07', 1, NULL, 2),
(242, NULL, 2, '1970-07-08', 1, NULL, 2),
(243, NULL, 2, '1970-07-09', 1, NULL, 2),
(244, NULL, 2, '1970-07-10', 1, NULL, 2),
(245, NULL, 2, '1970-07-11', 1, NULL, 2),
(246, NULL, 2, '1970-07-12', 1, NULL, 2),
(247, NULL, 2, '1970-07-13', 1, NULL, 2),
(248, NULL, 2, '1970-07-14', 1, NULL, 2),
(249, NULL, 2, '1970-07-15', 1, NULL, 2),
(250, NULL, 2, '1970-07-16', 1, NULL, 2),
(251, NULL, 2, '1970-07-17', 1, NULL, 2),
(252, NULL, 2, '1970-07-18', 1, NULL, 2),
(253, NULL, 2, '1970-07-19', 1, NULL, 2),
(254, NULL, 2, '1970-07-20', 1, NULL, 2),
(255, NULL, 2, '1970-07-21', 1, NULL, 2),
(256, NULL, 2, '1970-07-22', 1, NULL, 2),
(257, NULL, 2, '1970-07-23', 1, NULL, 2),
(258, NULL, 2, '1970-07-24', 1, NULL, 2),
(259, NULL, 2, '1970-07-25', 1, NULL, 2),
(260, NULL, 2, '1970-07-26', 1, NULL, 2),
(261, NULL, 2, '1970-07-27', 1, NULL, 2),
(262, NULL, 2, '1970-07-28', 1, NULL, 2),
(263, NULL, 2, '1970-07-29', 1, NULL, 2),
(264, NULL, 2, '1970-07-30', 1, NULL, 2),
(265, NULL, 2, '1970-07-31', 1, NULL, 2),
(266, NULL, 2, '1970-08-01', 1, NULL, 2),
(267, NULL, 2, '1970-08-02', 1, NULL, 2),
(268, NULL, 2, '1970-08-03', 1, NULL, 2),
(269, NULL, 2, '1970-08-04', 1, NULL, 2),
(270, NULL, 2, '1970-08-05', 1, NULL, 2),
(271, NULL, 2, '1970-08-06', 1, NULL, 2),
(272, NULL, 2, '1970-08-07', 1, NULL, 2),
(273, NULL, 2, '1970-08-08', 1, NULL, 2),
(274, NULL, 2, '1970-08-09', 1, NULL, 2),
(275, NULL, 2, '1970-08-10', 1, NULL, 2),
(276, NULL, 2, '1970-08-11', 1, NULL, 2),
(277, NULL, 2, '1970-08-12', 1, NULL, 2),
(278, NULL, 2, '1970-08-13', 1, NULL, 2),
(279, NULL, 2, '1970-08-14', 1, NULL, 2),
(280, NULL, 2, '1970-08-15', 1, NULL, 2),
(281, NULL, 2, '1970-08-16', 1, NULL, 2),
(282, NULL, 2, '1970-08-17', 1, NULL, 2),
(283, NULL, 2, '1970-08-18', 1, NULL, 2),
(284, NULL, 2, '1970-08-19', 1, NULL, 2),
(285, NULL, 2, '1970-08-20', 1, NULL, 2),
(286, NULL, 2, '1970-08-21', 1, NULL, 2),
(287, NULL, 2, '1970-08-22', 1, NULL, 2),
(288, NULL, 2, '1970-08-23', 1, NULL, 2),
(289, NULL, 2, '1970-08-24', 1, NULL, 2),
(290, NULL, 2, '1970-08-25', 1, NULL, 2),
(291, NULL, 2, '1970-08-26', 1, NULL, 2),
(292, NULL, 2, '1970-08-27', 1, NULL, 2),
(293, NULL, 2, '1970-08-28', 1, NULL, 2),
(294, NULL, 2, '1970-08-29', 1, NULL, 2),
(295, NULL, 2, '1970-08-30', 1, NULL, 2),
(296, NULL, 2, '1970-08-31', 1, NULL, 2),
(297, NULL, 2, '1970-09-01', 1, NULL, 2),
(298, NULL, 2, '1970-09-02', 1, NULL, 2),
(299, NULL, 2, '1970-09-03', 1, NULL, 2),
(300, NULL, 2, '1970-09-04', 1, NULL, 2),
(301, NULL, 2, '1970-09-05', 1, NULL, 2),
(302, NULL, 2, '1970-09-06', 1, NULL, 2),
(303, NULL, 2, '1970-09-07', 1, NULL, 2),
(304, NULL, 2, '1970-09-08', 1, NULL, 2),
(305, NULL, 2, '1970-09-09', 1, NULL, 2),
(306, NULL, 2, '1970-09-10', 1, NULL, 2),
(307, NULL, 2, '1970-09-11', 1, NULL, 2),
(308, NULL, 2, '1970-09-12', 1, NULL, 2),
(309, NULL, 2, '1970-09-13', 1, NULL, 2),
(310, NULL, 2, '1970-09-14', 1, NULL, 2),
(311, NULL, 2, '1970-09-15', 1, NULL, 2),
(312, NULL, 2, '1970-09-16', 1, NULL, 2),
(313, NULL, 2, '1970-09-17', 1, NULL, 2),
(314, NULL, 2, '1970-09-18', 1, NULL, 2),
(315, NULL, 2, '1970-09-19', 1, NULL, 2),
(316, NULL, 2, '1970-09-20', 1, NULL, 2),
(317, NULL, 2, '1970-09-21', 1, NULL, 2),
(318, NULL, 2, '1970-09-22', 1, NULL, 2),
(319, NULL, 2, '1970-09-23', 1, NULL, 2),
(320, NULL, 2, '1970-09-24', 1, NULL, 2),
(321, NULL, 2, '1970-09-25', 1, NULL, 2),
(322, NULL, 2, '1970-09-26', 1, NULL, 2),
(323, NULL, 2, '1970-09-27', 1, NULL, 2),
(324, NULL, 2, '1970-09-28', 1, NULL, 2),
(325, NULL, 2, '1970-09-29', 1, NULL, 2),
(326, NULL, 2, '1970-09-30', 1, NULL, 2),
(327, NULL, 2, '1970-10-01', 1, NULL, 2),
(328, NULL, 2, '1970-10-02', 1, NULL, 2),
(329, NULL, 2, '1970-10-03', 1, NULL, 2),
(330, NULL, 2, '1970-10-04', 1, NULL, 2),
(331, NULL, 2, '1970-10-05', 1, NULL, 2),
(332, NULL, 2, '1970-10-06', 1, NULL, 2),
(333, NULL, 2, '1970-10-07', 1, NULL, 2),
(334, NULL, 2, '1970-10-08', 1, NULL, 2),
(335, NULL, 2, '1970-10-09', 1, NULL, 2),
(336, NULL, 2, '1970-10-10', 1, NULL, 2),
(337, NULL, 2, '1970-10-11', 1, NULL, 2),
(338, NULL, 2, '1970-10-12', 1, NULL, 2),
(339, NULL, 2, '1970-10-13', 1, NULL, 2),
(340, NULL, 2, '1970-10-14', 1, NULL, 2),
(341, NULL, 2, '1970-10-15', 1, NULL, 2),
(342, NULL, 2, '1970-10-16', 1, NULL, 2),
(343, NULL, 2, '1970-10-17', 1, NULL, 2),
(344, NULL, 2, '1970-10-18', 1, NULL, 2),
(345, NULL, 2, '1970-10-19', 1, NULL, 2),
(346, NULL, 2, '1970-10-20', 1, NULL, 2),
(347, NULL, 2, '1970-10-21', 1, NULL, 2),
(348, NULL, 2, '1970-10-22', 1, NULL, 2),
(349, NULL, 2, '1970-10-23', 1, NULL, 2),
(350, NULL, 2, '1970-10-24', 1, NULL, 2),
(351, NULL, 2, '1970-10-25', 1, NULL, 2),
(352, NULL, 2, '1970-10-26', 1, NULL, 2),
(353, NULL, 2, '1970-10-27', 1, NULL, 2),
(354, NULL, 2, '1970-10-28', 1, NULL, 2),
(355, NULL, 2, '1970-10-29', 1, NULL, 2),
(356, NULL, 2, '1970-10-30', 1, NULL, 2),
(357, NULL, 2, '1970-10-31', 1, NULL, 2),
(358, NULL, 2, '1970-11-01', 1, NULL, 2),
(359, NULL, 2, '1970-11-02', 1, NULL, 2),
(360, NULL, 2, '1970-11-03', 1, NULL, 2),
(361, NULL, 2, '1970-11-04', 1, NULL, 2),
(362, NULL, 2, '1970-11-05', 1, NULL, 2),
(363, NULL, 2, '1970-11-06', 1, NULL, 2),
(364, NULL, 2, '1970-11-07', 1, NULL, 2),
(365, NULL, 2, '1970-11-08', 1, NULL, 2),
(366, NULL, 2, '1970-11-09', 1, NULL, 2),
(367, NULL, 2, '1970-11-10', 1, NULL, 2),
(368, NULL, 2, '1970-11-11', 1, NULL, 2),
(369, NULL, 2, '1970-11-12', 1, NULL, 2),
(370, NULL, 2, '1970-11-13', 1, NULL, 2),
(371, NULL, 2, '1970-11-14', 1, NULL, 2),
(372, NULL, 2, '1970-11-15', 1, NULL, 2),
(373, NULL, 2, '1970-11-16', 1, NULL, 2),
(374, NULL, 2, '1970-11-17', 1, NULL, 2),
(375, NULL, 2, '1970-11-18', 1, NULL, 2),
(376, NULL, 2, '1970-11-19', 1, NULL, 2),
(377, NULL, 2, '1970-11-20', 1, NULL, 2),
(378, NULL, 2, '1970-11-21', 1, NULL, 2),
(379, NULL, 2, '1970-11-22', 1, NULL, 2),
(380, NULL, 2, '1970-11-23', 1, NULL, 2),
(381, NULL, 2, '1970-11-24', 1, NULL, 2),
(382, NULL, 2, '1970-11-25', 1, NULL, 2),
(383, NULL, 2, '1970-11-26', 1, NULL, 2),
(384, NULL, 2, '1970-11-27', 1, NULL, 2),
(385, NULL, 2, '1970-11-28', 1, NULL, 2),
(386, NULL, 2, '1970-11-29', 1, NULL, 2),
(387, NULL, 2, '1970-11-30', 1, NULL, 2),
(388, NULL, 2, '1970-12-01', 1, NULL, 2),
(389, NULL, 2, '1970-12-02', 1, NULL, 2),
(390, NULL, 2, '1970-12-03', 1, NULL, 2),
(391, NULL, 2, '1970-12-04', 1, NULL, 2),
(392, NULL, 2, '1970-12-05', 1, NULL, 2),
(393, NULL, 2, '1970-12-06', 1, NULL, 2),
(394, NULL, 2, '1970-12-07', 1, NULL, 2),
(395, NULL, 2, '1970-12-08', 1, NULL, 2),
(396, NULL, 2, '1970-12-09', 1, NULL, 2),
(397, NULL, 2, '1970-12-10', 1, NULL, 2),
(398, NULL, 2, '1970-12-11', 1, NULL, 2),
(399, NULL, 2, '1970-12-12', 1, NULL, 2),
(400, NULL, 2, '1970-12-13', 1, NULL, 2),
(401, NULL, 2, '1970-12-14', 1, NULL, 2),
(402, NULL, 2, '1970-12-15', 1, NULL, 2),
(403, NULL, 2, '1970-12-16', 1, NULL, 2),
(404, NULL, 2, '1970-12-17', 1, NULL, 2),
(405, NULL, 2, '1970-12-18', 1, NULL, 2),
(406, NULL, 2, '1970-12-19', 1, NULL, 2),
(407, NULL, 2, '1970-12-20', 1, NULL, 2),
(408, NULL, 2, '1970-12-21', 1, NULL, 2),
(409, NULL, 2, '1970-12-22', 1, NULL, 2),
(410, NULL, 2, '1970-12-23', 1, NULL, 2),
(411, NULL, 2, '1970-12-24', 1, NULL, 2),
(412, NULL, 2, '1970-12-25', 1, NULL, 2),
(413, NULL, 2, '1970-12-26', 1, NULL, 2),
(414, NULL, 2, '1970-12-27', 1, NULL, 2),
(415, NULL, 2, '1970-12-28', 1, NULL, 2),
(416, NULL, 2, '1970-12-29', 1, NULL, 2),
(417, NULL, 2, '1970-12-30', 1, NULL, 2),
(418, NULL, 2, '1970-12-31', 1, NULL, 2),
(419, NULL, 2, '1971-01-01', 1, NULL, 2),
(420, NULL, 2, '1971-01-02', 1, NULL, 2),
(421, NULL, 2, '1971-01-03', 1, NULL, 2),
(422, NULL, 2, '1971-01-04', 1, NULL, 2),
(423, NULL, 2, '1971-01-05', 1, NULL, 2),
(424, NULL, 2, '1971-01-06', 1, NULL, 2),
(425, NULL, 2, '1971-01-07', 1, NULL, 2),
(426, NULL, 2, '1971-01-08', 1, NULL, 2),
(427, NULL, 2, '1971-01-09', 1, NULL, 2),
(428, NULL, 2, '1971-01-10', 1, NULL, 2),
(429, NULL, 2, '1971-01-11', 1, NULL, 2),
(430, NULL, 2, '1971-01-12', 1, NULL, 2),
(431, NULL, 2, '1971-01-13', 1, NULL, 2),
(432, NULL, 2, '1971-01-14', 1, NULL, 2),
(433, NULL, 2, '1971-01-15', 1, NULL, 2),
(434, NULL, 2, '1971-01-16', 1, NULL, 2),
(435, NULL, 2, '1971-01-17', 1, NULL, 2),
(436, NULL, 2, '1971-01-18', 1, NULL, 2),
(437, NULL, 2, '1971-01-19', 1, NULL, 2),
(438, NULL, 2, '1971-01-20', 1, NULL, 2),
(439, NULL, 2, '1971-01-21', 1, NULL, 2),
(440, NULL, 2, '1971-01-22', 1, NULL, 2),
(441, NULL, 2, '1971-01-23', 1, NULL, 2),
(442, NULL, 2, '1971-01-24', 1, NULL, 2),
(443, NULL, 2, '1971-01-25', 1, NULL, 2),
(444, NULL, 2, '1971-01-26', 1, NULL, 2),
(445, NULL, 2, '1971-01-27', 1, NULL, 2),
(446, NULL, 2, '1971-01-28', 1, NULL, 2),
(447, NULL, 2, '1971-01-29', 1, NULL, 2),
(448, NULL, 2, '1971-01-30', 1, NULL, 2),
(449, NULL, 2, '1971-01-31', 1, NULL, 2),
(450, NULL, 2, '1971-02-01', 1, NULL, 2),
(451, NULL, 2, '1971-02-02', 1, NULL, 2),
(452, NULL, 2, '1971-02-03', 1, NULL, 2),
(453, NULL, 2, '1971-02-04', 1, NULL, 2),
(454, NULL, 2, '1971-02-05', 1, NULL, 2),
(455, NULL, 2, '1971-02-06', 1, NULL, 2),
(456, NULL, 2, '1971-02-07', 1, NULL, 2),
(457, NULL, 2, '1971-02-08', 1, NULL, 2),
(458, NULL, 2, '1971-02-09', 1, NULL, 2),
(459, NULL, 2, '1971-02-10', 1, NULL, 2),
(460, NULL, 2, '1971-02-11', 1, NULL, 2),
(461, NULL, 2, '1971-02-12', 1, NULL, 2),
(462, NULL, 2, '1971-02-13', 1, NULL, 2),
(463, NULL, 2, '1971-02-14', 1, NULL, 2),
(464, NULL, 2, '1971-02-15', 1, NULL, 2),
(465, NULL, 2, '1971-02-16', 1, NULL, 2),
(466, NULL, 2, '1971-02-17', 1, NULL, 2),
(467, NULL, 2, '1971-02-18', 1, NULL, 2),
(468, NULL, 2, '1971-02-19', 1, NULL, 2),
(469, NULL, 2, '1971-02-20', 1, NULL, 2),
(470, NULL, 2, '1971-02-21', 1, NULL, 2),
(471, NULL, 2, '1971-02-22', 1, NULL, 2),
(472, NULL, 2, '1971-02-23', 1, NULL, 2),
(473, NULL, 2, '1971-02-24', 1, NULL, 2),
(474, NULL, 2, '1971-02-25', 1, NULL, 2),
(475, NULL, 2, '1971-02-26', 1, NULL, 2),
(476, NULL, 2, '1971-02-27', 1, NULL, 2),
(477, NULL, 2, '1971-02-28', 1, NULL, 2),
(478, NULL, 2, '1971-03-01', 1, NULL, 2),
(479, NULL, 2, '1971-03-02', 1, NULL, 2),
(480, NULL, 2, '1971-03-03', 1, NULL, 2),
(481, NULL, 2, '1971-03-04', 1, NULL, 2),
(482, NULL, 2, '1971-03-05', 1, NULL, 2),
(483, NULL, 2, '1971-03-06', 1, NULL, 2),
(484, NULL, 2, '1971-03-07', 1, NULL, 2),
(485, NULL, 2, '1971-03-08', 1, NULL, 2),
(486, NULL, 2, '1971-03-09', 1, NULL, 2),
(487, NULL, 2, '1971-03-10', 1, NULL, 2),
(488, NULL, 2, '1971-03-11', 1, NULL, 2),
(489, NULL, 2, '1971-03-12', 1, NULL, 2),
(490, NULL, 2, '1971-03-13', 1, NULL, 2),
(491, NULL, 2, '1971-03-14', 1, NULL, 2),
(492, NULL, 2, '1971-03-15', 1, NULL, 2),
(493, NULL, 2, '1971-03-16', 1, NULL, 2),
(494, NULL, 2, '1971-03-17', 1, NULL, 2),
(495, NULL, 2, '1971-03-18', 1, NULL, 2),
(496, NULL, 2, '1971-03-19', 1, NULL, 2),
(497, NULL, 2, '1971-03-20', 1, NULL, 2),
(498, NULL, 2, '1971-03-21', 1, NULL, 2),
(499, NULL, 2, '1971-03-22', 1, NULL, 2),
(500, NULL, 2, '1971-03-23', 1, NULL, 2),
(501, NULL, 2, '1971-03-24', 1, NULL, 2),
(502, NULL, 2, '1971-03-25', 1, NULL, 2),
(503, NULL, 2, '1971-03-26', 1, NULL, 2),
(504, NULL, 2, '1971-03-27', 1, NULL, 2),
(505, NULL, 2, '1971-03-28', 1, NULL, 2),
(506, NULL, 2, '1971-03-29', 1, NULL, 2),
(507, NULL, 2, '1971-03-30', 1, NULL, 2),
(508, NULL, 2, '1971-03-31', 1, NULL, 2),
(509, NULL, 2, '1971-04-01', 1, NULL, 2),
(510, NULL, 2, '1971-04-02', 1, NULL, 2),
(511, NULL, 2, '1971-04-03', 1, NULL, 2),
(512, NULL, 2, '1971-04-04', 1, NULL, 2),
(513, NULL, 2, '1971-04-05', 1, NULL, 2),
(514, NULL, 2, '1971-04-06', 1, NULL, 2),
(515, NULL, 2, '1971-04-07', 1, NULL, 2),
(516, NULL, 2, '1971-04-08', 1, NULL, 2),
(517, NULL, 2, '1971-04-09', 1, NULL, 2),
(518, NULL, 2, '1971-04-10', 1, NULL, 2),
(519, NULL, 2, '1971-04-11', 1, NULL, 2),
(520, NULL, 2, '1971-04-12', 1, NULL, 2),
(521, NULL, 2, '1971-04-13', 1, NULL, 2),
(522, NULL, 2, '1971-04-14', 1, NULL, 2),
(523, NULL, 2, '1971-04-15', 1, NULL, 2),
(524, NULL, 2, '1971-04-16', 1, NULL, 2),
(525, NULL, 2, '1971-04-17', 1, NULL, 2),
(526, NULL, 2, '1971-04-18', 1, NULL, 2),
(527, NULL, 2, '1971-04-19', 1, NULL, 2),
(528, NULL, 2, '1971-04-20', 1, NULL, 2),
(529, NULL, 2, '1971-04-21', 1, NULL, 2),
(530, NULL, 2, '1971-04-22', 1, NULL, 2),
(531, NULL, 2, '1971-04-23', 1, NULL, 2),
(532, NULL, 2, '1971-04-24', 1, NULL, 2),
(533, NULL, 2, '1971-04-25', 1, NULL, 2),
(534, NULL, 2, '1971-04-26', 1, NULL, 2),
(535, NULL, 2, '1971-04-27', 1, NULL, 2),
(536, NULL, 2, '1971-04-28', 1, NULL, 2),
(537, NULL, 2, '1971-04-29', 1, NULL, 2),
(538, NULL, 2, '1971-04-30', 1, NULL, 2),
(539, NULL, 2, '1971-05-01', 1, NULL, 2),
(540, NULL, 2, '1971-05-02', 1, NULL, 2),
(541, NULL, 2, '1971-05-03', 1, NULL, 2),
(542, NULL, 2, '1971-05-04', 1, NULL, 2),
(543, NULL, 2, '1971-05-05', 1, NULL, 2),
(544, NULL, 2, '1971-05-06', 1, NULL, 2),
(545, NULL, 2, '1971-05-07', 1, NULL, 2),
(546, NULL, 2, '1971-05-08', 1, NULL, 2),
(547, NULL, 2, '1971-05-09', 1, NULL, 2),
(548, NULL, 2, '1971-05-10', 1, NULL, 2),
(549, NULL, 2, '1971-05-11', 1, NULL, 2),
(550, NULL, 2, '1971-05-12', 1, NULL, 2),
(551, NULL, 2, '1971-05-13', 1, NULL, 2),
(552, NULL, 2, '1971-05-14', 1, NULL, 2),
(553, NULL, 2, '1971-05-15', 1, NULL, 2),
(554, NULL, 2, '1971-05-16', 1, NULL, 2),
(555, NULL, 2, '1971-05-17', 1, NULL, 2),
(556, NULL, 2, '1971-05-18', 1, NULL, 2),
(557, NULL, 2, '1971-05-19', 1, NULL, 2),
(558, NULL, 2, '1971-05-20', 1, NULL, 2),
(559, NULL, 2, '1971-05-21', 1, NULL, 2),
(560, NULL, 2, '1971-05-22', 1, NULL, 2),
(561, NULL, 2, '1971-05-23', 1, NULL, 2),
(562, NULL, 2, '1971-05-24', 1, NULL, 2),
(563, NULL, 2, '1971-05-25', 1, NULL, 2),
(564, NULL, 2, '1971-05-26', 1, NULL, 2),
(565, NULL, 2, '1971-05-27', 1, NULL, 2),
(566, NULL, 2, '1971-05-28', 1, NULL, 2),
(567, NULL, 2, '1971-05-29', 1, NULL, 2),
(568, NULL, 2, '1971-05-30', 1, NULL, 2),
(569, NULL, 2, '1971-05-31', 1, NULL, 2),
(570, NULL, 2, '1971-06-01', 1, NULL, 2),
(571, NULL, 2, '1971-06-02', 1, NULL, 2),
(572, NULL, 2, '1971-06-03', 1, NULL, 2),
(573, NULL, 2, '1971-06-04', 1, NULL, 2),
(574, NULL, 2, '1971-06-05', 1, NULL, 2),
(575, NULL, 2, '1971-06-06', 1, NULL, 2),
(576, NULL, 2, '1971-06-07', 1, NULL, 2),
(577, NULL, 2, '1971-06-08', 1, NULL, 2),
(578, NULL, 2, '1971-06-09', 1, NULL, 2),
(579, NULL, 2, '1971-06-10', 1, NULL, 2),
(580, NULL, 2, '1971-06-11', 1, NULL, 2),
(581, NULL, 2, '1971-06-12', 1, NULL, 2),
(582, NULL, 2, '1971-06-13', 1, NULL, 2),
(583, NULL, 2, '1971-06-14', 1, NULL, 2),
(584, NULL, 2, '1971-06-15', 1, NULL, 2),
(585, NULL, 2, '1971-06-16', 1, NULL, 2),
(586, NULL, 2, '1971-06-17', 1, NULL, 2),
(587, NULL, 2, '1971-06-18', 1, NULL, 2),
(588, NULL, 2, '1971-06-19', 1, NULL, 2),
(589, NULL, 2, '1971-06-20', 1, NULL, 2),
(590, NULL, 2, '1971-06-21', 1, NULL, 2),
(591, NULL, 2, '1971-06-22', 1, NULL, 2),
(592, NULL, 2, '1971-06-23', 1, NULL, 2),
(593, NULL, 2, '1971-06-24', 1, NULL, 2),
(594, NULL, 2, '1971-06-25', 1, NULL, 2),
(595, NULL, 2, '1971-06-26', 1, NULL, 2),
(596, NULL, 2, '1971-06-27', 1, NULL, 2),
(597, NULL, 2, '1971-06-28', 1, NULL, 2),
(598, NULL, 2, '1971-06-29', 1, NULL, 2),
(599, NULL, 2, '1971-06-30', 1, NULL, 2),
(600, NULL, 2, '1971-07-01', 1, NULL, 2),
(601, NULL, 2, '1971-07-02', 1, NULL, 2),
(602, NULL, 2, '1971-07-03', 1, NULL, 2),
(603, NULL, 2, '1971-07-04', 1, NULL, 2),
(604, NULL, 2, '1971-07-05', 1, NULL, 2),
(605, NULL, 2, '1971-07-06', 1, NULL, 2),
(606, NULL, 2, '1971-07-07', 1, NULL, 2),
(607, NULL, 2, '1971-07-08', 1, NULL, 2),
(608, NULL, 2, '1971-07-09', 1, NULL, 2),
(609, NULL, 2, '1971-07-10', 1, NULL, 2),
(610, NULL, 2, '1971-07-11', 1, NULL, 2),
(611, NULL, 2, '1971-07-12', 1, NULL, 2),
(612, NULL, 2, '1971-07-13', 1, NULL, 2),
(613, NULL, 2, '1971-07-14', 1, NULL, 2),
(614, NULL, 2, '1971-07-15', 1, NULL, 2),
(615, NULL, 2, '1971-07-16', 1, NULL, 2),
(616, NULL, 2, '1971-07-17', 1, NULL, 2),
(617, NULL, 2, '1971-07-18', 1, NULL, 2),
(618, NULL, 2, '1971-07-19', 1, NULL, 2),
(619, NULL, 2, '1971-07-20', 1, NULL, 2),
(620, NULL, 2, '1971-07-21', 1, NULL, 2),
(621, NULL, 2, '1971-07-22', 1, NULL, 2),
(622, NULL, 2, '1971-07-23', 1, NULL, 2),
(623, NULL, 2, '1971-07-24', 1, NULL, 2),
(624, NULL, 2, '1971-07-25', 1, NULL, 2),
(625, NULL, 2, '1971-07-26', 1, NULL, 2),
(626, NULL, 2, '1971-07-27', 1, NULL, 2),
(627, NULL, 2, '1971-07-28', 1, NULL, 2),
(628, NULL, 2, '1971-07-29', 1, NULL, 2),
(629, NULL, 2, '1971-07-30', 1, NULL, 2),
(630, NULL, 2, '1971-07-31', 1, NULL, 2),
(631, NULL, 2, '1971-08-01', 1, NULL, 2),
(632, NULL, 2, '1971-08-02', 1, NULL, 2),
(633, NULL, 2, '1971-08-03', 1, NULL, 2),
(634, NULL, 2, '1971-08-04', 1, NULL, 2),
(635, NULL, 2, '1971-08-05', 1, NULL, 2),
(636, NULL, 2, '1971-08-06', 1, NULL, 2),
(637, NULL, 2, '1971-08-07', 1, NULL, 2),
(638, NULL, 2, '1971-08-08', 1, NULL, 2),
(639, NULL, 2, '1971-08-09', 1, NULL, 2),
(640, NULL, 2, '1971-08-10', 1, NULL, 2),
(641, NULL, 2, '1971-08-11', 1, NULL, 2),
(642, NULL, 2, '1971-08-12', 1, NULL, 2),
(643, NULL, 2, '1971-08-13', 1, NULL, 2),
(644, NULL, 2, '1971-08-14', 1, NULL, 2),
(645, NULL, 2, '1971-08-15', 1, NULL, 2),
(646, NULL, 2, '1971-08-16', 1, NULL, 2),
(647, NULL, 2, '1971-08-17', 1, NULL, 2),
(648, NULL, 2, '1971-08-18', 1, NULL, 2),
(649, NULL, 2, '1971-08-19', 1, NULL, 2),
(650, NULL, 2, '1971-08-20', 1, NULL, 2),
(651, NULL, 2, '1971-08-21', 1, NULL, 2),
(652, NULL, 2, '1971-08-22', 1, NULL, 2),
(653, NULL, 2, '1971-08-23', 1, NULL, 2),
(654, NULL, 2, '1971-08-24', 1, NULL, 2),
(655, NULL, 2, '1971-08-25', 1, NULL, 2),
(656, NULL, 2, '1971-08-26', 1, NULL, 2),
(657, NULL, 2, '1971-08-27', 1, NULL, 2),
(658, NULL, 2, '1971-08-28', 1, NULL, 2),
(659, NULL, 2, '1971-08-29', 1, NULL, 2),
(660, NULL, 2, '1971-08-30', 1, NULL, 2),
(661, NULL, 2, '1971-08-31', 1, NULL, 2),
(662, NULL, 2, '1971-09-01', 1, NULL, 2),
(663, NULL, 2, '1971-09-02', 1, NULL, 2),
(664, NULL, 2, '1971-09-03', 1, NULL, 2),
(665, NULL, 2, '1971-09-04', 1, NULL, 2),
(666, NULL, 2, '1971-09-05', 1, NULL, 2),
(667, NULL, 2, '1971-09-06', 1, NULL, 2),
(668, NULL, 2, '1971-09-07', 1, NULL, 2),
(669, NULL, 2, '1971-09-08', 1, NULL, 2),
(670, NULL, 2, '1971-09-09', 1, NULL, 2),
(671, NULL, 2, '1971-09-10', 1, NULL, 2),
(672, NULL, 2, '1971-09-11', 1, NULL, 2),
(673, NULL, 2, '1971-09-12', 1, NULL, 2),
(674, NULL, 2, '1971-09-13', 1, NULL, 2),
(675, NULL, 2, '1971-09-14', 1, NULL, 2),
(676, NULL, 2, '1971-09-15', 1, NULL, 2),
(677, NULL, 2, '1971-09-16', 1, NULL, 2),
(678, NULL, 2, '1971-09-17', 1, NULL, 2),
(679, NULL, 2, '1971-09-18', 1, NULL, 2),
(680, NULL, 2, '1971-09-19', 1, NULL, 2),
(681, NULL, 2, '1971-09-20', 1, NULL, 2),
(682, NULL, 2, '1971-09-21', 1, NULL, 2),
(683, NULL, 2, '1971-09-22', 1, NULL, 2),
(684, NULL, 2, '1971-09-23', 1, NULL, 2),
(685, NULL, 2, '1971-09-24', 1, NULL, 2),
(686, NULL, 2, '1971-09-25', 1, NULL, 2),
(687, NULL, 2, '1971-09-26', 1, NULL, 2),
(688, NULL, 2, '1971-09-27', 1, NULL, 2),
(689, NULL, 2, '1971-09-28', 1, NULL, 2),
(690, NULL, 2, '1971-09-29', 1, NULL, 2),
(691, NULL, 2, '1971-09-30', 1, NULL, 2),
(692, NULL, 2, '1971-10-01', 1, NULL, 2),
(693, NULL, 2, '1971-10-02', 1, NULL, 2),
(694, NULL, 2, '1971-10-03', 1, NULL, 2),
(695, NULL, 2, '1971-10-04', 1, NULL, 2),
(696, NULL, 2, '1971-10-05', 1, NULL, 2),
(697, NULL, 2, '1971-10-06', 1, NULL, 2),
(698, NULL, 2, '1971-10-07', 1, NULL, 2),
(699, NULL, 2, '1971-10-08', 1, NULL, 2),
(700, NULL, 2, '1971-10-09', 1, NULL, 2),
(701, NULL, 2, '1971-10-10', 1, NULL, 2),
(702, NULL, 2, '1971-10-11', 1, NULL, 2),
(703, NULL, 2, '1971-10-12', 1, NULL, 2),
(704, NULL, 2, '1971-10-13', 1, NULL, 2),
(705, NULL, 2, '1971-10-14', 1, NULL, 2),
(706, NULL, 2, '1971-10-15', 1, NULL, 2),
(707, NULL, 2, '1971-10-16', 1, NULL, 2),
(708, NULL, 2, '1971-10-17', 1, NULL, 2),
(709, NULL, 2, '1971-10-18', 1, NULL, 2),
(710, NULL, 2, '1971-10-19', 1, NULL, 2),
(711, NULL, 2, '1971-10-20', 1, NULL, 2),
(712, NULL, 2, '1971-10-21', 1, NULL, 2),
(713, NULL, 2, '1971-10-22', 1, NULL, 2),
(714, NULL, 2, '1971-10-23', 1, NULL, 2),
(715, NULL, 2, '1971-10-24', 1, NULL, 2),
(716, NULL, 2, '1971-10-25', 1, NULL, 2),
(717, NULL, 2, '1971-10-26', 1, NULL, 2),
(718, NULL, 2, '1971-10-27', 1, NULL, 2),
(719, NULL, 2, '1971-10-28', 1, NULL, 2),
(720, NULL, 2, '1971-10-29', 1, NULL, 2),
(721, NULL, 2, '1971-10-30', 1, NULL, 2),
(722, NULL, 2, '1971-10-31', 1, NULL, 2),
(723, NULL, 2, '1971-11-01', 1, NULL, 2),
(724, NULL, 2, '1971-11-02', 1, NULL, 2),
(725, NULL, 2, '1971-11-03', 1, NULL, 2),
(726, NULL, 2, '1971-11-04', 1, NULL, 2),
(727, NULL, 2, '1971-11-05', 1, NULL, 2),
(728, NULL, 2, '1971-11-06', 1, NULL, 2),
(729, NULL, 2, '1971-11-07', 1, NULL, 2),
(730, NULL, 2, '1971-11-08', 1, NULL, 2),
(731, NULL, 2, '1971-11-09', 1, NULL, 2),
(732, NULL, 2, '1971-11-10', 1, NULL, 2),
(733, NULL, 2, '1971-11-11', 1, NULL, 2),
(734, NULL, 2, '1971-11-12', 1, NULL, 2),
(735, NULL, 2, '1971-11-13', 1, NULL, 2),
(736, NULL, 2, '1971-11-14', 1, NULL, 2),
(737, NULL, 2, '1971-11-15', 1, NULL, 2),
(738, NULL, 2, '1971-11-16', 1, NULL, 2),
(739, NULL, 2, '1971-11-17', 1, NULL, 2),
(740, NULL, 2, '1971-11-18', 1, NULL, 2),
(741, NULL, 2, '1971-11-19', 1, NULL, 2),
(742, NULL, 2, '1971-11-20', 1, NULL, 2),
(743, NULL, 2, '1971-11-21', 1, NULL, 2),
(744, NULL, 2, '1971-11-22', 1, NULL, 2),
(745, NULL, 2, '1971-11-23', 1, NULL, 2),
(746, NULL, 2, '1971-11-24', 1, NULL, 2),
(747, NULL, 2, '1971-11-25', 1, NULL, 2),
(748, NULL, 2, '1971-11-26', 1, NULL, 2),
(749, NULL, 2, '1971-11-27', 1, NULL, 2),
(750, NULL, 2, '1971-11-28', 1, NULL, 2),
(751, NULL, 2, '1971-11-29', 1, NULL, 2),
(752, NULL, 2, '1971-11-30', 1, NULL, 2),
(753, NULL, 2, '1971-12-01', 1, NULL, 2),
(754, NULL, 2, '1971-12-02', 1, NULL, 2),
(755, NULL, 2, '1971-12-03', 1, NULL, 2),
(756, NULL, 2, '1971-12-04', 1, NULL, 2),
(757, NULL, 2, '1971-12-05', 1, NULL, 2),
(758, NULL, 2, '1971-12-06', 1, NULL, 2),
(759, NULL, 2, '1971-12-07', 1, NULL, 2),
(760, NULL, 2, '1971-12-08', 1, NULL, 2),
(761, NULL, 2, '1971-12-09', 1, NULL, 2),
(762, NULL, 2, '1971-12-10', 1, NULL, 2),
(763, NULL, 2, '1971-12-11', 1, NULL, 2),
(764, NULL, 2, '1971-12-12', 1, NULL, 2),
(765, NULL, 2, '1971-12-13', 1, NULL, 2),
(766, NULL, 2, '1971-12-14', 1, NULL, 2),
(767, NULL, 2, '1971-12-15', 1, NULL, 2),
(768, NULL, 2, '1971-12-16', 1, NULL, 2),
(769, NULL, 2, '1971-12-17', 1, NULL, 2),
(770, NULL, 2, '1971-12-18', 1, NULL, 2),
(771, NULL, 2, '1971-12-19', 1, NULL, 2),
(772, NULL, 2, '1971-12-20', 1, NULL, 2),
(773, NULL, 2, '1971-12-21', 1, NULL, 2),
(774, NULL, 2, '1971-12-22', 1, NULL, 2),
(775, NULL, 2, '1971-12-23', 1, NULL, 2),
(776, NULL, 2, '1971-12-24', 1, NULL, 2),
(777, NULL, 2, '1971-12-25', 1, NULL, 2),
(778, NULL, 2, '1971-12-26', 1, NULL, 2),
(779, NULL, 2, '1971-12-27', 1, NULL, 2),
(780, NULL, 2, '1971-12-28', 1, NULL, 2),
(781, NULL, 2, '1971-12-29', 1, NULL, 2),
(782, NULL, 2, '1971-12-30', 1, NULL, 2),
(783, NULL, 2, '1971-12-31', 1, NULL, 2),
(784, NULL, 2, '1972-01-01', 1, NULL, 2),
(785, NULL, 2, '1972-01-02', 1, NULL, 2),
(786, NULL, 2, '1972-01-03', 1, NULL, 2),
(787, NULL, 2, '1972-01-04', 1, NULL, 2),
(788, NULL, 2, '1972-01-05', 1, NULL, 2),
(789, NULL, 2, '1972-01-06', 1, NULL, 2),
(790, NULL, 2, '1972-01-07', 1, NULL, 2),
(791, NULL, 2, '1972-01-08', 1, NULL, 2),
(792, NULL, 2, '1972-01-09', 1, NULL, 2),
(793, NULL, 2, '1972-01-10', 1, NULL, 2),
(794, NULL, 2, '1972-01-11', 1, NULL, 2),
(795, NULL, 2, '1972-01-12', 1, NULL, 2),
(796, NULL, 2, '1972-01-13', 1, NULL, 2),
(797, NULL, 2, '1972-01-14', 1, NULL, 2),
(798, NULL, 2, '1972-01-15', 1, NULL, 2),
(799, NULL, 2, '1972-01-16', 1, NULL, 2),
(800, NULL, 2, '1972-01-17', 1, NULL, 2),
(801, NULL, 2, '1972-01-18', 1, NULL, 2),
(802, NULL, 2, '1972-01-19', 1, NULL, 2),
(803, NULL, 2, '1972-01-20', 1, NULL, 2),
(804, NULL, 2, '1972-01-21', 1, NULL, 2),
(805, NULL, 2, '1972-01-22', 1, NULL, 2),
(806, NULL, 2, '1972-01-23', 1, NULL, 2),
(807, NULL, 2, '1972-01-24', 1, NULL, 2),
(808, NULL, 2, '1972-01-25', 1, NULL, 2),
(809, NULL, 2, '1972-01-26', 1, NULL, 2),
(810, NULL, 2, '1972-01-27', 1, NULL, 2),
(811, NULL, 2, '1972-01-28', 1, NULL, 2),
(812, NULL, 2, '1972-01-29', 1, NULL, 2),
(813, NULL, 2, '1972-01-30', 1, NULL, 2),
(814, NULL, 2, '1972-01-31', 1, NULL, 2),
(815, NULL, 2, '1972-02-01', 1, NULL, 2),
(816, NULL, 2, '1972-02-02', 1, NULL, 2),
(817, NULL, 2, '1972-02-03', 1, NULL, 2),
(818, NULL, 2, '1972-02-04', 1, NULL, 2),
(819, NULL, 2, '1972-02-05', 1, NULL, 2),
(820, NULL, 2, '1972-02-06', 1, NULL, 2),
(821, NULL, 2, '1972-02-07', 1, NULL, 2),
(822, NULL, 2, '1972-02-08', 1, NULL, 2),
(823, NULL, 2, '1972-02-09', 1, NULL, 2),
(824, NULL, 2, '1972-02-10', 1, NULL, 2),
(825, NULL, 2, '1972-02-11', 1, NULL, 2),
(826, NULL, 2, '1972-02-12', 1, NULL, 2),
(827, NULL, 2, '1972-02-13', 1, NULL, 2),
(828, NULL, 2, '1972-02-14', 1, NULL, 2),
(829, NULL, 2, '1972-02-15', 1, NULL, 2),
(830, NULL, 2, '1972-02-16', 1, NULL, 2),
(831, NULL, 2, '1972-02-17', 1, NULL, 2),
(832, NULL, 2, '1972-02-18', 1, NULL, 2),
(833, NULL, 2, '1972-02-19', 1, NULL, 2),
(834, NULL, 2, '1972-02-20', 1, NULL, 2),
(835, NULL, 2, '1972-02-21', 1, NULL, 2),
(836, NULL, 2, '1972-02-22', 1, NULL, 2),
(837, NULL, 2, '1972-02-23', 1, NULL, 2),
(838, NULL, 2, '1972-02-24', 1, NULL, 2),
(839, NULL, 2, '1972-02-25', 1, NULL, 2),
(840, NULL, 2, '1972-02-26', 1, NULL, 2),
(841, NULL, 2, '1972-02-27', 1, NULL, 2),
(842, NULL, 2, '1972-02-28', 1, NULL, 2),
(843, NULL, 2, '1972-02-29', 1, NULL, 2),
(844, NULL, 2, '1972-03-01', 1, NULL, 2),
(845, NULL, 2, '1972-03-02', 1, NULL, 2),
(846, NULL, 2, '1972-03-03', 1, NULL, 2),
(847, NULL, 2, '1972-03-04', 1, NULL, 2),
(848, NULL, 2, '1972-03-05', 1, NULL, 2),
(849, NULL, 2, '1972-03-06', 1, NULL, 2),
(850, NULL, 2, '1972-03-07', 1, NULL, 2),
(851, NULL, 2, '1972-03-08', 1, NULL, 2),
(852, NULL, 2, '1972-03-09', 1, NULL, 2),
(853, NULL, 2, '1972-03-10', 1, NULL, 2),
(854, NULL, 2, '1972-03-11', 1, NULL, 2),
(855, NULL, 2, '1972-03-12', 1, NULL, 2),
(856, NULL, 2, '1972-03-13', 1, NULL, 2),
(857, NULL, 2, '1972-03-14', 1, NULL, 2),
(858, NULL, 2, '1972-03-15', 1, NULL, 2),
(859, NULL, 2, '1972-03-16', 1, NULL, 2),
(860, NULL, 2, '1972-03-17', 1, NULL, 2),
(861, NULL, 2, '1972-03-18', 1, NULL, 2),
(862, NULL, 2, '1972-03-19', 1, NULL, 2),
(863, NULL, 2, '1972-03-20', 1, NULL, 2),
(864, NULL, 2, '1972-03-21', 1, NULL, 2),
(865, NULL, 2, '1972-03-22', 1, NULL, 2),
(866, NULL, 2, '1972-03-23', 1, NULL, 2),
(867, NULL, 2, '1972-03-24', 1, NULL, 2),
(868, NULL, 2, '1972-03-25', 1, NULL, 2),
(869, NULL, 2, '1972-03-26', 1, NULL, 2),
(870, NULL, 2, '1972-03-27', 1, NULL, 2),
(871, NULL, 2, '1972-03-28', 1, NULL, 2),
(872, NULL, 2, '1972-03-29', 1, NULL, 2),
(873, NULL, 2, '1972-03-30', 1, NULL, 2),
(874, NULL, 2, '1972-03-31', 1, NULL, 2),
(875, NULL, 2, '1972-04-01', 1, NULL, 2),
(876, NULL, 2, '1972-04-02', 1, NULL, 2),
(877, NULL, 2, '1972-04-03', 1, NULL, 2),
(878, NULL, 2, '1972-04-04', 1, NULL, 2),
(879, NULL, 2, '1972-04-05', 1, NULL, 2),
(880, NULL, 2, '1972-04-06', 1, NULL, 2),
(881, NULL, 2, '1972-04-07', 1, NULL, 2),
(882, NULL, 2, '1972-04-08', 1, NULL, 2),
(883, NULL, 2, '1972-04-09', 1, NULL, 2),
(884, NULL, 2, '1972-04-10', 1, NULL, 2),
(885, NULL, 2, '1972-04-11', 1, NULL, 2),
(886, NULL, 2, '1972-04-12', 1, NULL, 2),
(887, NULL, 2, '1972-04-13', 1, NULL, 2),
(888, NULL, 2, '1972-04-14', 1, NULL, 2),
(889, NULL, 2, '1972-04-15', 1, NULL, 2),
(890, NULL, 2, '1972-04-16', 1, NULL, 2),
(891, NULL, 2, '1972-04-17', 1, NULL, 2),
(892, NULL, 2, '1972-04-18', 1, NULL, 2),
(893, NULL, 2, '1972-04-19', 1, NULL, 2),
(894, NULL, 2, '1972-04-20', 1, NULL, 2),
(895, NULL, 2, '1972-04-21', 1, NULL, 2),
(896, NULL, 2, '1972-04-22', 1, NULL, 2),
(897, NULL, 2, '1972-04-23', 1, NULL, 2),
(898, NULL, 2, '1972-04-24', 1, NULL, 2),
(899, NULL, 2, '1972-04-25', 1, NULL, 2),
(900, NULL, 2, '1972-04-26', 1, NULL, 2),
(901, NULL, 2, '1972-04-27', 1, NULL, 2),
(902, NULL, 2, '1972-04-28', 1, NULL, 2),
(903, NULL, 2, '1972-04-29', 1, NULL, 2),
(904, NULL, 2, '1972-04-30', 1, NULL, 2),
(905, NULL, 2, '1972-05-01', 1, NULL, 2),
(906, NULL, 2, '1972-05-02', 1, NULL, 2),
(907, NULL, 2, '1972-05-03', 1, NULL, 2),
(908, NULL, 2, '1972-05-04', 1, NULL, 2),
(909, NULL, 2, '1972-05-05', 1, NULL, 2),
(910, NULL, 2, '1972-05-06', 1, NULL, 2),
(911, NULL, 2, '1972-05-07', 1, NULL, 2),
(912, NULL, 2, '1972-05-08', 1, NULL, 2),
(913, NULL, 2, '1972-05-09', 1, NULL, 2),
(914, NULL, 2, '1972-05-10', 1, NULL, 2),
(915, NULL, 2, '1972-05-11', 1, NULL, 2),
(916, NULL, 2, '1972-05-12', 1, NULL, 2),
(917, NULL, 2, '1972-05-13', 1, NULL, 2),
(918, NULL, 2, '1972-05-14', 1, NULL, 2),
(919, NULL, 2, '1972-05-15', 1, NULL, 2),
(920, NULL, 2, '1972-05-16', 1, NULL, 2),
(921, NULL, 2, '1972-05-17', 1, NULL, 2),
(922, NULL, 2, '1972-05-18', 1, NULL, 2),
(923, NULL, 2, '1972-05-19', 1, NULL, 2),
(924, NULL, 2, '1972-05-20', 1, NULL, 2),
(925, NULL, 2, '1972-05-21', 1, NULL, 2),
(926, NULL, 2, '1972-05-22', 1, NULL, 2),
(927, NULL, 2, '1972-05-23', 1, NULL, 2),
(928, NULL, 2, '1972-05-24', 1, NULL, 2),
(929, NULL, 2, '1972-05-25', 1, NULL, 2),
(930, NULL, 2, '1972-05-26', 1, NULL, 2),
(931, NULL, 2, '1972-05-27', 1, NULL, 2),
(932, NULL, 2, '1972-05-28', 1, NULL, 2),
(933, NULL, 2, '1972-05-29', 1, NULL, 2),
(934, NULL, 2, '1972-05-30', 1, NULL, 2),
(935, NULL, 2, '1972-05-31', 1, NULL, 2),
(936, NULL, 2, '1972-06-01', 1, NULL, 2),
(937, NULL, 2, '1972-06-02', 1, NULL, 2),
(938, NULL, 2, '1972-06-03', 1, NULL, 2),
(939, NULL, 2, '1972-06-04', 1, NULL, 2),
(940, NULL, 2, '1972-06-05', 1, NULL, 2),
(941, NULL, 2, '1972-06-06', 1, NULL, 2),
(942, NULL, 2, '1972-06-07', 1, NULL, 2),
(943, NULL, 2, '1972-06-08', 1, NULL, 2),
(944, NULL, 2, '1972-06-09', 1, NULL, 2),
(945, NULL, 2, '1972-06-10', 1, NULL, 2),
(946, NULL, 2, '1972-06-11', 1, NULL, 2),
(947, NULL, 2, '1972-06-12', 1, NULL, 2),
(948, NULL, 2, '1972-06-13', 1, NULL, 2),
(949, NULL, 2, '1972-06-14', 1, NULL, 2),
(950, NULL, 2, '1972-06-15', 1, NULL, 2),
(951, NULL, 2, '1972-06-16', 1, NULL, 2),
(952, NULL, 2, '1972-06-17', 1, NULL, 2),
(953, NULL, 2, '1972-06-18', 1, NULL, 2),
(954, NULL, 2, '1972-06-19', 1, NULL, 2),
(955, NULL, 2, '1972-06-20', 1, NULL, 2),
(956, NULL, 2, '1972-06-21', 1, NULL, 2),
(957, NULL, 2, '1972-06-22', 1, NULL, 2),
(958, NULL, 2, '1972-06-23', 1, NULL, 2),
(959, NULL, 2, '1972-06-24', 1, NULL, 2),
(960, NULL, 2, '1972-06-25', 1, NULL, 2),
(961, NULL, 2, '1972-06-26', 1, NULL, 2),
(962, NULL, 2, '1972-06-27', 1, NULL, 2),
(963, NULL, 2, '1972-06-28', 1, NULL, 2),
(964, NULL, 2, '1972-06-29', 1, NULL, 2),
(965, NULL, 2, '1972-06-30', 1, NULL, 2),
(966, NULL, 2, '1972-07-01', 1, NULL, 2),
(967, NULL, 2, '1972-07-02', 1, NULL, 2),
(968, NULL, 2, '1972-07-03', 1, NULL, 2),
(969, NULL, 2, '1972-07-04', 1, NULL, 2),
(970, NULL, 2, '1972-07-05', 1, NULL, 2),
(971, NULL, 2, '1972-07-06', 1, NULL, 2),
(972, NULL, 2, '1972-07-07', 1, NULL, 2),
(973, NULL, 2, '1972-07-08', 1, NULL, 2),
(974, NULL, 2, '1972-07-09', 1, NULL, 2),
(975, NULL, 2, '1972-07-10', 1, NULL, 2),
(976, NULL, 2, '1972-07-11', 1, NULL, 2),
(977, NULL, 2, '1972-07-12', 1, NULL, 2),
(978, NULL, 2, '1972-07-13', 1, NULL, 2),
(979, NULL, 2, '1972-07-14', 1, NULL, 2),
(980, NULL, 2, '1972-07-15', 1, NULL, 2),
(981, NULL, 2, '1972-07-16', 1, NULL, 2),
(982, NULL, 2, '1972-07-17', 1, NULL, 2),
(983, NULL, 2, '1972-07-18', 1, NULL, 2),
(984, NULL, 2, '1972-07-19', 1, NULL, 2),
(985, NULL, 2, '1972-07-20', 1, NULL, 2),
(986, NULL, 2, '1972-07-21', 1, NULL, 2),
(987, NULL, 2, '1972-07-22', 1, NULL, 2),
(988, NULL, 2, '1972-07-23', 1, NULL, 2),
(989, NULL, 2, '1972-07-24', 1, NULL, 2),
(990, NULL, 2, '1972-07-25', 1, NULL, 2),
(991, NULL, 2, '1972-07-26', 1, NULL, 2),
(992, NULL, 2, '1972-07-27', 1, NULL, 2),
(993, NULL, 2, '1972-07-28', 1, NULL, 2),
(994, NULL, 2, '1972-07-29', 1, NULL, 2),
(995, NULL, 2, '1972-07-30', 1, NULL, 2),
(996, NULL, 2, '1972-07-31', 1, NULL, 2),
(997, NULL, 2, '1972-08-01', 1, NULL, 2),
(998, NULL, 2, '1972-08-02', 1, NULL, 2),
(999, NULL, 2, '1972-08-03', 1, NULL, 2),
(1000, NULL, 2, '1972-08-04', 1, NULL, 2),
(1001, NULL, 2, '1972-08-05', 1, NULL, 2),
(1002, NULL, 2, '1972-08-06', 1, NULL, 2),
(1003, NULL, 2, '1972-08-07', 1, NULL, 2),
(1004, NULL, 2, '1972-08-08', 1, NULL, 2),
(1005, NULL, 2, '1972-08-09', 1, NULL, 2),
(1006, NULL, 2, '1972-08-10', 1, NULL, 2),
(1007, NULL, 2, '1972-08-11', 1, NULL, 2),
(1008, NULL, 2, '1972-08-12', 1, NULL, 2),
(1009, NULL, 2, '1972-08-13', 1, NULL, 2),
(1010, NULL, 2, '1972-08-14', 1, NULL, 2),
(1011, NULL, 2, '1972-08-15', 1, NULL, 2),
(1012, NULL, 2, '1972-08-16', 1, NULL, 2),
(1013, NULL, 2, '1972-08-17', 1, NULL, 2),
(1014, NULL, 2, '1972-08-18', 1, NULL, 2),
(1015, NULL, 2, '1972-08-19', 1, NULL, 2),
(1016, NULL, 2, '1972-08-20', 1, NULL, 2),
(1017, NULL, 2, '1972-08-21', 1, NULL, 2),
(1018, NULL, 2, '1972-08-22', 1, NULL, 2),
(1019, NULL, 2, '1972-08-23', 1, NULL, 2),
(1020, NULL, 2, '1972-08-24', 1, NULL, 2),
(1021, NULL, 2, '1972-08-25', 1, NULL, 2),
(1022, NULL, 2, '1972-08-26', 1, NULL, 2),
(1023, NULL, 2, '1972-08-27', 1, NULL, 2),
(1024, NULL, 2, '1972-08-28', 1, NULL, 2),
(1025, NULL, 2, '1972-08-29', 1, NULL, 2),
(1026, NULL, 2, '1972-08-30', 1, NULL, 2),
(1027, NULL, 2, '1972-08-31', 1, NULL, 2),
(1028, NULL, 2, '1972-09-01', 1, NULL, 2),
(1029, NULL, 2, '1972-09-02', 1, NULL, 2),
(1030, NULL, 2, '1972-09-03', 1, NULL, 2),
(1031, NULL, 2, '1972-09-04', 1, NULL, 2),
(1032, NULL, 2, '1972-09-05', 1, NULL, 2),
(1033, NULL, 2, '1972-09-06', 1, NULL, 2),
(1034, NULL, 2, '1972-09-07', 1, NULL, 2),
(1035, NULL, 2, '1972-09-08', 1, NULL, 2),
(1036, NULL, 2, '1972-09-09', 1, NULL, 2),
(1037, NULL, 2, '1972-09-10', 1, NULL, 2),
(1038, NULL, 2, '1972-09-11', 1, NULL, 2),
(1039, NULL, 2, '1972-09-12', 1, NULL, 2),
(1040, NULL, 2, '1972-09-13', 1, NULL, 2),
(1041, NULL, 2, '1972-09-14', 1, NULL, 2),
(1042, NULL, 2, '1972-09-15', 1, NULL, 2),
(1043, NULL, 2, '1972-09-16', 1, NULL, 2),
(1044, NULL, 2, '1972-09-17', 1, NULL, 2),
(1045, NULL, 2, '1972-09-18', 1, NULL, 2),
(1046, NULL, 2, '1972-09-19', 1, NULL, 2),
(1047, NULL, 2, '1972-09-20', 1, NULL, 2),
(1048, NULL, 2, '1972-09-21', 1, NULL, 2),
(1049, NULL, 2, '1972-09-22', 1, NULL, 2),
(1050, NULL, 2, '1972-09-23', 1, NULL, 2),
(1051, NULL, 2, '1972-09-24', 1, NULL, 2),
(1052, NULL, 2, '1972-09-25', 1, NULL, 2),
(1053, NULL, 2, '1972-09-26', 1, NULL, 2),
(1054, NULL, 2, '1972-09-27', 1, NULL, 2),
(1055, NULL, 2, '1972-09-28', 1, NULL, 2),
(1056, NULL, 2, '1972-09-29', 1, NULL, 2),
(1057, NULL, 2, '1972-09-30', 1, NULL, 2),
(1058, NULL, 2, '1972-10-01', 1, NULL, 2),
(1059, NULL, 2, '1972-10-02', 1, NULL, 2),
(1060, NULL, 2, '1972-10-03', 1, NULL, 2),
(1061, NULL, 2, '1972-10-04', 1, NULL, 2),
(1062, NULL, 2, '1972-10-05', 1, NULL, 2),
(1063, NULL, 2, '1972-10-06', 1, NULL, 2),
(1064, NULL, 2, '1972-10-07', 1, NULL, 2),
(1065, NULL, 2, '1972-10-08', 1, NULL, 2),
(1066, NULL, 2, '1972-10-09', 1, NULL, 2),
(1067, NULL, 2, '1972-10-10', 1, NULL, 2),
(1068, NULL, 2, '1972-10-11', 1, NULL, 2),
(1069, NULL, 2, '1972-10-12', 1, NULL, 2),
(1070, NULL, 2, '1972-10-13', 1, NULL, 2),
(1071, NULL, 2, '1972-10-14', 1, NULL, 2),
(1072, NULL, 2, '1972-10-15', 1, NULL, 2),
(1073, NULL, 2, '1972-10-16', 1, NULL, 2),
(1074, NULL, 2, '1972-10-17', 1, NULL, 2),
(1075, NULL, 2, '1972-10-18', 1, NULL, 2),
(1076, NULL, 2, '1972-10-19', 1, NULL, 2),
(1077, NULL, 2, '1972-10-20', 1, NULL, 2),
(1078, NULL, 2, '1972-10-21', 1, NULL, 2),
(1079, NULL, 2, '1972-10-22', 1, NULL, 2),
(1080, NULL, 2, '1972-10-23', 1, NULL, 2),
(1081, NULL, 2, '1972-10-24', 1, NULL, 2),
(1082, NULL, 2, '1972-10-25', 1, NULL, 2),
(1083, NULL, 2, '1972-10-26', 1, NULL, 2),
(1084, NULL, 2, '1972-10-27', 1, NULL, 2),
(1085, NULL, 2, '1972-10-28', 1, NULL, 2),
(1086, NULL, 2, '1972-10-29', 1, NULL, 2),
(1087, NULL, 2, '1972-10-30', 1, NULL, 2),
(1088, NULL, 2, '1972-10-31', 1, NULL, 2),
(1089, NULL, 2, '1972-11-01', 1, NULL, 2),
(1090, NULL, 2, '1972-11-02', 1, NULL, 2),
(1091, NULL, 2, '1972-11-03', 1, NULL, 2),
(1092, NULL, 2, '1972-11-04', 1, NULL, 2),
(1093, NULL, 2, '1972-11-05', 1, NULL, 2),
(1094, NULL, 2, '1972-11-06', 1, NULL, 2),
(1095, NULL, 2, '1972-11-07', 1, NULL, 2),
(1096, NULL, 2, '1972-11-08', 1, NULL, 2),
(1097, NULL, 2, '1972-11-09', 1, NULL, 2),
(1098, NULL, 2, '1972-11-10', 1, NULL, 2),
(1099, NULL, 2, '1972-11-11', 1, NULL, 2),
(1100, NULL, 2, '1972-11-12', 1, NULL, 2),
(1101, NULL, 2, '1972-11-13', 1, NULL, 2),
(1102, NULL, 2, '1972-11-14', 1, NULL, 2),
(1103, NULL, 2, '1972-11-15', 1, NULL, 2),
(1104, NULL, 2, '1972-11-16', 1, NULL, 2),
(1105, NULL, 2, '1972-11-17', 1, NULL, 2),
(1106, NULL, 2, '1972-11-18', 1, NULL, 2),
(1107, NULL, 2, '1972-11-19', 1, NULL, 2),
(1108, NULL, 2, '1972-11-20', 1, NULL, 2),
(1109, NULL, 2, '1972-11-21', 1, NULL, 2),
(1110, NULL, 2, '1972-11-22', 1, NULL, 2),
(1111, NULL, 2, '1972-11-23', 1, NULL, 2),
(1112, NULL, 2, '1972-11-24', 1, NULL, 2),
(1113, NULL, 2, '1972-11-25', 1, NULL, 2),
(1114, NULL, 2, '1972-11-26', 1, NULL, 2),
(1115, NULL, 2, '1972-11-27', 1, NULL, 2),
(1116, NULL, 2, '1972-11-28', 1, NULL, 2),
(1117, NULL, 2, '1972-11-29', 1, NULL, 2),
(1118, NULL, 2, '1972-11-30', 1, NULL, 2),
(1119, NULL, 2, '1972-12-01', 1, NULL, 2),
(1120, NULL, 2, '1972-12-02', 1, NULL, 2),
(1121, NULL, 2, '1972-12-03', 1, NULL, 2),
(1122, NULL, 2, '1972-12-04', 1, NULL, 2),
(1123, NULL, 2, '1972-12-05', 1, NULL, 2),
(1124, NULL, 2, '1972-12-06', 1, NULL, 2),
(1125, NULL, 2, '1972-12-07', 1, NULL, 2),
(1126, NULL, 2, '1972-12-08', 1, NULL, 2),
(1127, NULL, 2, '1972-12-09', 1, NULL, 2),
(1128, NULL, 2, '1972-12-10', 1, NULL, 2),
(1129, NULL, 2, '1972-12-11', 1, NULL, 2),
(1130, NULL, 2, '1972-12-12', 1, NULL, 2),
(1131, NULL, 2, '1972-12-13', 1, NULL, 2),
(1132, NULL, 2, '1972-12-14', 1, NULL, 2),
(1133, NULL, 2, '1972-12-15', 1, NULL, 2),
(1134, NULL, 2, '1972-12-16', 1, NULL, 2),
(1135, NULL, 2, '1972-12-17', 1, NULL, 2),
(1136, NULL, 2, '1972-12-18', 1, NULL, 2),
(1137, NULL, 2, '1972-12-19', 1, NULL, 2),
(1138, NULL, 2, '1972-12-20', 1, NULL, 2),
(1139, NULL, 2, '1972-12-21', 1, NULL, 2),
(1140, NULL, 2, '1972-12-22', 1, NULL, 2),
(1141, NULL, 2, '1972-12-23', 1, NULL, 2),
(1142, NULL, 2, '1972-12-24', 1, NULL, 2),
(1143, NULL, 2, '1972-12-25', 1, NULL, 2),
(1144, NULL, 2, '1972-12-26', 1, NULL, 2),
(1145, NULL, 2, '1972-12-27', 1, NULL, 2),
(1146, NULL, 2, '1972-12-28', 1, NULL, 2),
(1147, NULL, 2, '1972-12-29', 1, NULL, 2),
(1148, NULL, 2, '1972-12-30', 1, NULL, 2),
(1149, NULL, 2, '1972-12-31', 1, NULL, 2),
(1150, NULL, 2, '1973-01-01', 1, NULL, 2),
(1151, NULL, 2, '1973-01-02', 1, NULL, 2),
(1152, NULL, 2, '1973-01-03', 1, NULL, 2),
(1153, NULL, 2, '1973-01-04', 1, NULL, 2),
(1154, NULL, 2, '1973-01-05', 1, NULL, 2),
(1155, NULL, 2, '1973-01-06', 1, NULL, 2),
(1156, NULL, 2, '1973-01-07', 1, NULL, 2),
(1157, NULL, 2, '1973-01-08', 1, NULL, 2),
(1158, NULL, 2, '1973-01-09', 1, NULL, 2),
(1159, NULL, 2, '1973-01-10', 1, NULL, 2),
(1160, NULL, 2, '1973-01-11', 1, NULL, 2),
(1161, NULL, 2, '1973-01-12', 1, NULL, 2),
(1162, NULL, 2, '1973-01-13', 1, NULL, 2),
(1163, NULL, 2, '1973-01-14', 1, NULL, 2),
(1164, NULL, 2, '1973-01-15', 1, NULL, 2),
(1165, NULL, 2, '1973-01-16', 1, NULL, 2),
(1166, NULL, 2, '1973-01-17', 1, NULL, 2),
(1167, NULL, 2, '1973-01-18', 1, NULL, 2),
(1168, NULL, 2, '1973-01-19', 1, NULL, 2),
(1169, NULL, 2, '1973-01-20', 1, NULL, 2),
(1170, NULL, 2, '1973-01-21', 1, NULL, 2),
(1171, NULL, 2, '1973-01-22', 1, NULL, 2),
(1172, NULL, 2, '1973-01-23', 1, NULL, 2),
(1173, NULL, 2, '1973-01-24', 1, NULL, 2),
(1174, NULL, 2, '1973-01-25', 1, NULL, 2),
(1175, NULL, 2, '1973-01-26', 1, NULL, 2),
(1176, NULL, 2, '1973-01-27', 1, NULL, 2),
(1177, NULL, 2, '1973-01-28', 1, NULL, 2),
(1178, NULL, 2, '1973-01-29', 1, NULL, 2),
(1179, NULL, 2, '1973-01-30', 1, NULL, 2),
(1180, NULL, 2, '1973-01-31', 1, NULL, 2),
(1181, NULL, 2, '1973-02-01', 1, NULL, 2),
(1182, NULL, 2, '1973-02-02', 1, NULL, 2),
(1183, NULL, 2, '1973-02-03', 1, NULL, 2),
(1184, NULL, 2, '1973-02-04', 1, NULL, 2),
(1185, NULL, 2, '1973-02-05', 1, NULL, 2),
(1186, NULL, 2, '1973-02-06', 1, NULL, 2),
(1187, NULL, 2, '1973-02-07', 1, NULL, 2),
(1188, NULL, 2, '1973-02-08', 1, NULL, 2),
(1189, NULL, 2, '1973-02-09', 1, NULL, 2),
(1190, NULL, 2, '1973-02-10', 1, NULL, 2),
(1191, NULL, 2, '1973-02-11', 1, NULL, 2),
(1192, NULL, 2, '1973-02-12', 1, NULL, 2),
(1193, NULL, 2, '1973-02-13', 1, NULL, 2),
(1194, NULL, 2, '1973-02-14', 1, NULL, 2),
(1195, NULL, 2, '1973-02-15', 1, NULL, 2),
(1196, NULL, 2, '1973-02-16', 1, NULL, 2),
(1197, NULL, 2, '1973-02-17', 1, NULL, 2),
(1198, NULL, 2, '1973-02-18', 1, NULL, 2),
(1199, NULL, 2, '1973-02-19', 1, NULL, 2),
(1200, NULL, 2, '1973-02-20', 1, NULL, 2),
(1201, NULL, 2, '1973-02-21', 1, NULL, 2),
(1202, NULL, 2, '1973-02-22', 1, NULL, 2),
(1203, NULL, 2, '1973-02-23', 1, NULL, 2),
(1204, NULL, 2, '1973-02-24', 1, NULL, 2),
(1205, NULL, 2, '1973-02-25', 1, NULL, 2),
(1206, NULL, 2, '1973-02-26', 1, NULL, 2),
(1207, NULL, 2, '1973-02-27', 1, NULL, 2),
(1208, NULL, 2, '1973-02-28', 1, NULL, 2),
(1209, NULL, 2, '1973-03-01', 1, NULL, 2),
(1210, NULL, 2, '1973-03-02', 1, NULL, 2),
(1211, NULL, 2, '1973-03-03', 1, NULL, 2),
(1212, NULL, 2, '1973-03-04', 1, NULL, 2),
(1213, NULL, 2, '1973-03-05', 1, NULL, 2),
(1214, NULL, 2, '1973-03-06', 1, NULL, 2),
(1215, NULL, 2, '1973-03-07', 1, NULL, 2),
(1216, NULL, 2, '1973-03-08', 1, NULL, 2),
(1217, NULL, 2, '1973-03-09', 1, NULL, 2),
(1218, NULL, 2, '1973-03-10', 1, NULL, 2),
(1219, NULL, 2, '1973-03-11', 1, NULL, 2),
(1220, NULL, 2, '1973-03-12', 1, NULL, 2),
(1221, NULL, 2, '1973-03-13', 1, NULL, 2),
(1222, NULL, 2, '1973-03-14', 1, NULL, 2),
(1223, NULL, 2, '1973-03-15', 1, NULL, 2),
(1224, NULL, 2, '1973-03-16', 1, NULL, 2),
(1225, NULL, 2, '1973-03-17', 1, NULL, 2),
(1226, NULL, 2, '1973-03-18', 1, NULL, 2),
(1227, NULL, 2, '1973-03-19', 1, NULL, 2),
(1228, NULL, 2, '1973-03-20', 1, NULL, 2),
(1229, NULL, 2, '1973-03-21', 1, NULL, 2),
(1230, NULL, 2, '1973-03-22', 1, NULL, 2),
(1231, NULL, 2, '1973-03-23', 1, NULL, 2),
(1232, NULL, 2, '1973-03-24', 1, NULL, 2),
(1233, NULL, 2, '1973-03-25', 1, NULL, 2),
(1234, NULL, 2, '1973-03-26', 1, NULL, 2),
(1235, NULL, 2, '1973-03-27', 1, NULL, 2),
(1236, NULL, 2, '1973-03-28', 1, NULL, 2),
(1237, NULL, 2, '1973-03-29', 1, NULL, 2),
(1238, NULL, 2, '1973-03-30', 1, NULL, 2),
(1239, NULL, 2, '1973-03-31', 1, NULL, 2),
(1240, NULL, 2, '1973-04-01', 1, NULL, 2),
(1241, NULL, 2, '1973-04-02', 1, NULL, 2),
(1242, NULL, 2, '1973-04-03', 1, NULL, 2),
(1243, NULL, 2, '1973-04-04', 1, NULL, 2),
(1244, NULL, 2, '1973-04-05', 1, NULL, 2),
(1245, NULL, 2, '1973-04-06', 1, NULL, 2);
INSERT INTO `daily_attendance` (`id`, `foremanId`, `attendanceOfId`, `attendanceDate`, `attendance`, `perDayAmount`, `managing`) VALUES
(1246, NULL, 2, '1973-04-07', 1, NULL, 2),
(1247, NULL, 2, '1973-04-08', 1, NULL, 2),
(1248, NULL, 2, '1973-04-09', 1, NULL, 2),
(1249, NULL, 2, '1973-04-10', 1, NULL, 2),
(1250, NULL, 2, '1973-04-11', 1, NULL, 2),
(1251, NULL, 2, '1973-04-12', 1, NULL, 2),
(1252, NULL, 2, '1973-04-13', 1, NULL, 2),
(1253, NULL, 2, '1973-04-14', 1, NULL, 2),
(1254, NULL, 2, '1973-04-15', 1, NULL, 2),
(1255, NULL, 2, '1973-04-16', 1, NULL, 2),
(1256, NULL, 2, '1973-04-17', 1, NULL, 2),
(1257, NULL, 2, '1973-04-18', 1, NULL, 2),
(1258, NULL, 2, '1973-04-19', 1, NULL, 2),
(1259, NULL, 2, '1973-04-20', 1, NULL, 2),
(1260, NULL, 2, '1973-04-21', 1, NULL, 2),
(1261, NULL, 2, '1973-04-22', 1, NULL, 2),
(1262, NULL, 2, '1973-04-23', 1, NULL, 2),
(1263, NULL, 2, '1973-04-24', 1, NULL, 2),
(1264, NULL, 2, '1973-04-25', 1, NULL, 2),
(1265, NULL, 2, '1973-04-26', 1, NULL, 2),
(1266, NULL, 2, '1973-04-27', 1, NULL, 2),
(1267, NULL, 2, '1973-04-28', 1, NULL, 2),
(1268, NULL, 2, '1973-04-29', 1, NULL, 2),
(1269, NULL, 2, '1973-04-30', 1, NULL, 2),
(1270, NULL, 2, '1973-05-01', 1, NULL, 2),
(1271, NULL, 2, '1973-05-02', 1, NULL, 2),
(1272, NULL, 2, '1973-05-03', 1, NULL, 2),
(1273, NULL, 2, '1973-05-04', 1, NULL, 2),
(1274, NULL, 2, '1973-05-05', 1, NULL, 2),
(1275, NULL, 2, '1973-05-06', 1, NULL, 2),
(1276, NULL, 2, '1973-05-07', 1, NULL, 2),
(1277, NULL, 2, '1973-05-08', 1, NULL, 2),
(1278, NULL, 2, '1973-05-09', 1, NULL, 2),
(1279, NULL, 2, '1973-05-10', 1, NULL, 2),
(1280, NULL, 2, '1973-05-11', 1, NULL, 2),
(1281, NULL, 2, '1973-05-12', 1, NULL, 2),
(1282, NULL, 2, '1973-05-13', 1, NULL, 2),
(1283, NULL, 2, '1973-05-14', 1, NULL, 2),
(1284, NULL, 2, '1973-05-15', 1, NULL, 2),
(1285, NULL, 2, '1973-05-16', 1, NULL, 2),
(1286, NULL, 2, '1973-05-17', 1, NULL, 2),
(1287, NULL, 2, '1973-05-18', 1, NULL, 2),
(1288, NULL, 2, '1973-05-19', 1, NULL, 2),
(1289, NULL, 2, '1973-05-20', 1, NULL, 2),
(1290, NULL, 2, '1973-05-21', 1, NULL, 2),
(1291, NULL, 2, '1973-05-22', 1, NULL, 2),
(1292, NULL, 2, '1973-05-23', 1, NULL, 2),
(1293, NULL, 2, '1973-05-24', 1, NULL, 2),
(1294, NULL, 2, '1973-05-25', 1, NULL, 2),
(1295, NULL, 2, '1973-05-26', 1, NULL, 2),
(1296, NULL, 2, '1973-05-27', 1, NULL, 2),
(1297, NULL, 2, '1973-05-28', 1, NULL, 2),
(1298, NULL, 2, '1973-05-29', 1, NULL, 2),
(1299, NULL, 2, '1973-05-30', 1, NULL, 2),
(1300, NULL, 2, '1973-05-31', 1, NULL, 2),
(1301, NULL, 2, '1973-06-01', 1, NULL, 2),
(1302, NULL, 2, '1973-06-02', 1, NULL, 2),
(1303, NULL, 2, '1973-06-03', 1, NULL, 2),
(1304, NULL, 2, '1973-06-04', 1, NULL, 2),
(1305, NULL, 2, '1973-06-05', 1, NULL, 2),
(1306, NULL, 2, '1973-06-06', 1, NULL, 2),
(1307, NULL, 2, '1973-06-07', 1, NULL, 2),
(1308, NULL, 2, '1973-06-08', 1, NULL, 2),
(1309, NULL, 2, '1973-06-09', 1, NULL, 2),
(1310, NULL, 2, '1973-06-10', 1, NULL, 2),
(1311, NULL, 2, '1973-06-11', 1, NULL, 2),
(1312, NULL, 2, '1973-06-12', 1, NULL, 2),
(1313, NULL, 2, '1973-06-13', 1, NULL, 2),
(1314, NULL, 2, '1973-06-14', 1, NULL, 2),
(1315, NULL, 2, '1973-06-15', 1, NULL, 2),
(1316, NULL, 2, '1973-06-16', 1, NULL, 2),
(1317, NULL, 2, '1973-06-17', 1, NULL, 2),
(1318, NULL, 2, '1973-06-18', 1, NULL, 2),
(1319, NULL, 2, '1973-06-19', 1, NULL, 2),
(1320, NULL, 2, '1973-06-20', 1, NULL, 2),
(1321, NULL, 2, '1973-06-21', 1, NULL, 2),
(1322, NULL, 2, '1973-06-22', 1, NULL, 2),
(1323, NULL, 2, '1973-06-23', 1, NULL, 2),
(1324, NULL, 2, '1973-06-24', 1, NULL, 2),
(1325, NULL, 2, '1973-06-25', 1, NULL, 2),
(1326, NULL, 2, '1973-06-26', 1, NULL, 2),
(1327, NULL, 2, '1973-06-27', 1, NULL, 2),
(1328, NULL, 2, '1973-06-28', 1, NULL, 2),
(1329, NULL, 2, '1973-06-29', 1, NULL, 2),
(1330, NULL, 2, '1973-06-30', 1, NULL, 2),
(1331, NULL, 2, '1973-07-01', 1, NULL, 2),
(1332, NULL, 2, '1973-07-02', 1, NULL, 2),
(1333, NULL, 2, '1973-07-03', 1, NULL, 2),
(1334, NULL, 2, '1973-07-04', 1, NULL, 2),
(1335, NULL, 2, '1973-07-05', 1, NULL, 2),
(1336, NULL, 2, '1973-07-06', 1, NULL, 2),
(1337, NULL, 2, '1973-07-07', 1, NULL, 2),
(1338, NULL, 2, '1973-07-08', 1, NULL, 2),
(1339, NULL, 2, '1973-07-09', 1, NULL, 2),
(1340, NULL, 2, '1973-07-10', 1, NULL, 2),
(1341, NULL, 2, '1973-07-11', 1, NULL, 2),
(1342, NULL, 2, '1973-07-12', 1, NULL, 2),
(1343, NULL, 2, '1973-07-13', 1, NULL, 2),
(1344, NULL, 2, '1973-07-14', 1, NULL, 2),
(1345, NULL, 2, '1973-07-15', 1, NULL, 2),
(1346, NULL, 2, '1973-07-16', 1, NULL, 2),
(1347, NULL, 2, '1973-07-17', 1, NULL, 2),
(1348, NULL, 2, '1973-07-18', 1, NULL, 2),
(1349, NULL, 2, '1973-07-19', 1, NULL, 2),
(1350, NULL, 2, '1973-07-20', 1, NULL, 2),
(1351, NULL, 2, '1973-07-21', 1, NULL, 2),
(1352, NULL, 2, '1973-07-22', 1, NULL, 2),
(1353, NULL, 2, '1973-07-23', 1, NULL, 2),
(1354, NULL, 2, '1973-07-24', 1, NULL, 2),
(1355, NULL, 2, '1973-07-25', 1, NULL, 2),
(1356, NULL, 2, '1973-07-26', 1, NULL, 2),
(1357, NULL, 2, '1973-07-27', 1, NULL, 2),
(1358, NULL, 2, '1973-07-28', 1, NULL, 2),
(1359, NULL, 2, '1973-07-29', 1, NULL, 2),
(1360, NULL, 2, '1973-07-30', 1, NULL, 2),
(1361, NULL, 2, '1973-07-31', 1, NULL, 2),
(1362, NULL, 2, '1973-08-01', 1, NULL, 2),
(1363, NULL, 2, '1973-08-02', 1, NULL, 2),
(1364, NULL, 2, '1973-08-03', 1, NULL, 2),
(1365, NULL, 2, '1973-08-04', 1, NULL, 2),
(1366, NULL, 2, '1973-08-05', 1, NULL, 2),
(1367, NULL, 2, '1973-08-06', 1, NULL, 2),
(1368, NULL, 2, '1973-08-07', 1, NULL, 2),
(1369, NULL, 2, '1973-08-08', 1, NULL, 2),
(1370, NULL, 2, '1973-08-09', 1, NULL, 2),
(1371, NULL, 2, '1973-08-10', 1, NULL, 2),
(1372, NULL, 2, '1973-08-11', 1, NULL, 2),
(1373, NULL, 2, '1973-08-12', 1, NULL, 2),
(1374, NULL, 2, '1973-08-13', 1, NULL, 2),
(1375, NULL, 2, '1973-08-14', 1, NULL, 2),
(1376, NULL, 2, '1973-08-15', 1, NULL, 2),
(1377, NULL, 2, '1973-08-16', 1, NULL, 2),
(1378, NULL, 2, '1973-08-17', 1, NULL, 2),
(1379, NULL, 2, '1973-08-18', 1, NULL, 2),
(1380, NULL, 2, '1973-08-19', 1, NULL, 2),
(1381, NULL, 2, '1973-08-20', 1, NULL, 2),
(1382, NULL, 2, '1973-08-21', 1, NULL, 2),
(1383, NULL, 2, '1973-08-22', 1, NULL, 2),
(1384, NULL, 2, '1973-08-23', 1, NULL, 2),
(1385, NULL, 2, '1973-08-24', 1, NULL, 2),
(1386, NULL, 2, '1973-08-25', 1, NULL, 2),
(1387, NULL, 2, '1973-08-26', 1, NULL, 2),
(1388, NULL, 2, '1973-08-27', 1, NULL, 2),
(1389, NULL, 2, '1973-08-28', 1, NULL, 2),
(1390, NULL, 2, '1973-08-29', 1, NULL, 2),
(1391, NULL, 2, '1973-08-30', 1, NULL, 2),
(1392, NULL, 2, '1973-08-31', 1, NULL, 2),
(1393, NULL, 2, '1973-09-01', 1, NULL, 2),
(1394, NULL, 2, '1973-09-02', 1, NULL, 2),
(1395, NULL, 2, '1973-09-03', 1, NULL, 2),
(1396, NULL, 2, '1973-09-04', 1, NULL, 2),
(1397, NULL, 2, '1973-09-05', 1, NULL, 2),
(1398, NULL, 2, '1973-09-06', 1, NULL, 2),
(1399, NULL, 2, '1973-09-07', 1, NULL, 2),
(1400, NULL, 2, '1973-09-08', 1, NULL, 2),
(1401, NULL, 2, '1973-09-09', 1, NULL, 2),
(1402, NULL, 2, '1973-09-10', 1, NULL, 2),
(1403, NULL, 2, '1973-09-11', 1, NULL, 2),
(1404, NULL, 2, '1973-09-12', 1, NULL, 2),
(1405, NULL, 2, '1973-09-13', 1, NULL, 2),
(1406, NULL, 2, '1973-09-14', 1, NULL, 2),
(1407, NULL, 2, '1973-09-15', 1, NULL, 2),
(1408, NULL, 2, '1973-09-16', 1, NULL, 2),
(1409, NULL, 2, '1973-09-17', 1, NULL, 2),
(1410, NULL, 2, '1973-09-18', 1, NULL, 2),
(1411, NULL, 2, '1973-09-19', 1, NULL, 2),
(1412, NULL, 2, '1973-09-20', 1, NULL, 2),
(1413, NULL, 2, '1973-09-21', 1, NULL, 2),
(1414, NULL, 2, '1973-09-22', 1, NULL, 2),
(1415, NULL, 2, '1973-09-23', 1, NULL, 2),
(1416, NULL, 2, '1973-09-24', 1, NULL, 2),
(1417, NULL, 2, '1973-09-25', 1, NULL, 2),
(1418, NULL, 2, '1973-09-26', 1, NULL, 2),
(1419, NULL, 2, '1973-09-27', 1, NULL, 2),
(1420, NULL, 2, '1973-09-28', 1, NULL, 2),
(1421, NULL, 2, '1973-09-29', 1, NULL, 2),
(1422, NULL, 2, '1973-09-30', 1, NULL, 2),
(1423, NULL, 2, '1973-10-01', 1, NULL, 2),
(1424, NULL, 2, '1973-10-02', 1, NULL, 2),
(1425, NULL, 2, '1973-10-03', 1, NULL, 2),
(1426, NULL, 2, '1973-10-04', 1, NULL, 2),
(1427, NULL, 2, '1973-10-05', 1, NULL, 2),
(1428, NULL, 2, '1973-10-06', 1, NULL, 2),
(1429, NULL, 2, '1973-10-07', 1, NULL, 2),
(1430, NULL, 2, '1973-10-08', 1, NULL, 2),
(1431, NULL, 2, '1973-10-09', 1, NULL, 2),
(1432, NULL, 2, '1973-10-10', 1, NULL, 2),
(1433, NULL, 2, '1973-10-11', 1, NULL, 2),
(1434, NULL, 2, '1973-10-12', 1, NULL, 2),
(1435, NULL, 2, '1973-10-13', 1, NULL, 2),
(1436, NULL, 2, '1973-10-14', 1, NULL, 2),
(1437, NULL, 2, '1973-10-15', 1, NULL, 2),
(1438, NULL, 2, '1973-10-16', 1, NULL, 2),
(1439, NULL, 2, '1973-10-17', 1, NULL, 2),
(1440, NULL, 2, '1973-10-18', 1, NULL, 2),
(1441, NULL, 2, '1973-10-19', 1, NULL, 2),
(1442, NULL, 2, '1973-10-20', 1, NULL, 2),
(1443, NULL, 2, '1973-10-21', 1, NULL, 2),
(1444, NULL, 2, '1973-10-22', 1, NULL, 2),
(1445, NULL, 2, '1973-10-23', 1, NULL, 2),
(1446, NULL, 2, '1973-10-24', 1, NULL, 2),
(1447, NULL, 2, '1973-10-25', 1, NULL, 2),
(1448, NULL, 2, '1973-10-26', 1, NULL, 2),
(1449, NULL, 2, '1973-10-27', 1, NULL, 2),
(1450, NULL, 2, '1973-10-28', 1, NULL, 2),
(1451, NULL, 2, '1973-10-29', 1, NULL, 2),
(1452, NULL, 2, '1973-10-30', 1, NULL, 2),
(1453, NULL, 2, '1973-10-31', 1, NULL, 2),
(1454, NULL, 2, '1973-11-01', 1, NULL, 2),
(1455, NULL, 2, '1973-11-02', 1, NULL, 2),
(1456, NULL, 2, '1973-11-03', 1, NULL, 2),
(1457, NULL, 2, '1973-11-04', 1, NULL, 2),
(1458, NULL, 2, '1973-11-05', 1, NULL, 2),
(1459, NULL, 2, '1973-11-06', 1, NULL, 2),
(1460, NULL, 2, '1973-11-07', 1, NULL, 2),
(1461, NULL, 2, '1973-11-08', 1, NULL, 2),
(1462, NULL, 2, '1973-11-09', 1, NULL, 2),
(1463, NULL, 2, '1973-11-10', 1, NULL, 2),
(1464, NULL, 2, '1973-11-11', 1, NULL, 2),
(1465, NULL, 2, '1973-11-12', 1, NULL, 2),
(1466, NULL, 2, '1973-11-13', 1, NULL, 2),
(1467, NULL, 2, '1973-11-14', 1, NULL, 2),
(1468, NULL, 2, '1973-11-15', 1, NULL, 2),
(1469, NULL, 2, '1973-11-16', 1, NULL, 2),
(1470, NULL, 2, '1973-11-17', 1, NULL, 2),
(1471, NULL, 2, '1973-11-18', 1, NULL, 2),
(1472, NULL, 2, '1973-11-19', 1, NULL, 2),
(1473, NULL, 2, '1973-11-20', 1, NULL, 2),
(1474, NULL, 2, '1973-11-21', 1, NULL, 2),
(1475, NULL, 2, '1973-11-22', 1, NULL, 2),
(1476, NULL, 2, '1973-11-23', 1, NULL, 2),
(1477, NULL, 2, '1973-11-24', 1, NULL, 2),
(1478, NULL, 2, '1973-11-25', 1, NULL, 2),
(1479, NULL, 2, '1973-11-26', 1, NULL, 2),
(1480, NULL, 2, '1973-11-27', 1, NULL, 2),
(1481, NULL, 2, '1973-11-28', 1, NULL, 2),
(1482, NULL, 2, '1973-11-29', 1, NULL, 2),
(1483, NULL, 2, '1973-11-30', 1, NULL, 2),
(1484, NULL, 2, '1973-12-01', 1, NULL, 2),
(1485, NULL, 2, '1973-12-02', 1, NULL, 2),
(1486, NULL, 2, '1973-12-03', 1, NULL, 2),
(1487, NULL, 2, '1973-12-04', 1, NULL, 2),
(1488, NULL, 2, '1973-12-05', 1, NULL, 2),
(1489, NULL, 2, '1973-12-06', 1, NULL, 2),
(1490, NULL, 2, '1973-12-07', 1, NULL, 2),
(1491, NULL, 2, '1973-12-08', 1, NULL, 2),
(1492, NULL, 2, '1973-12-09', 1, NULL, 2),
(1493, NULL, 2, '1973-12-10', 1, NULL, 2),
(1494, NULL, 2, '1973-12-11', 1, NULL, 2),
(1495, NULL, 2, '1973-12-12', 1, NULL, 2),
(1496, NULL, 2, '1973-12-13', 1, NULL, 2),
(1497, NULL, 2, '1973-12-14', 1, NULL, 2),
(1498, NULL, 2, '1973-12-15', 1, NULL, 2),
(1499, NULL, 2, '1973-12-16', 1, NULL, 2),
(1500, NULL, 2, '1973-12-17', 1, NULL, 2),
(1501, NULL, 2, '1973-12-18', 1, NULL, 2),
(1502, NULL, 2, '1973-12-19', 1, NULL, 2),
(1503, NULL, 2, '1973-12-20', 1, NULL, 2),
(1504, NULL, 2, '1973-12-21', 1, NULL, 2),
(1505, NULL, 2, '1973-12-22', 1, NULL, 2),
(1506, NULL, 2, '1973-12-23', 1, NULL, 2),
(1507, NULL, 2, '1973-12-24', 1, NULL, 2),
(1508, NULL, 2, '1973-12-25', 1, NULL, 2),
(1509, NULL, 2, '1973-12-26', 1, NULL, 2),
(1510, NULL, 2, '1973-12-27', 1, NULL, 2),
(1511, NULL, 2, '1973-12-28', 1, NULL, 2),
(1512, NULL, 2, '1973-12-29', 1, NULL, 2),
(1513, NULL, 2, '1973-12-30', 1, NULL, 2),
(1514, NULL, 2, '1973-12-31', 1, NULL, 2),
(1515, NULL, 2, '1974-01-01', 1, NULL, 2),
(1516, NULL, 2, '1974-01-02', 1, NULL, 2),
(1517, NULL, 2, '1974-01-03', 1, NULL, 2),
(1518, NULL, 2, '1974-01-04', 1, NULL, 2),
(1519, NULL, 2, '1974-01-05', 1, NULL, 2),
(1520, NULL, 2, '1974-01-06', 1, NULL, 2),
(1521, NULL, 2, '1974-01-07', 1, NULL, 2),
(1522, NULL, 2, '1974-01-08', 1, NULL, 2),
(1523, NULL, 2, '1974-01-09', 1, NULL, 2),
(1524, NULL, 2, '1974-01-10', 1, NULL, 2),
(1525, NULL, 2, '1974-01-11', 1, NULL, 2),
(1526, NULL, 2, '1974-01-12', 1, NULL, 2),
(1527, NULL, 2, '1974-01-13', 1, NULL, 2),
(1528, NULL, 2, '1974-01-14', 1, NULL, 2),
(1529, NULL, 2, '1974-01-15', 1, NULL, 2),
(1530, NULL, 2, '1974-01-16', 1, NULL, 2),
(1531, NULL, 2, '1974-01-17', 1, NULL, 2),
(1532, NULL, 2, '1974-01-18', 1, NULL, 2),
(1533, NULL, 2, '1974-01-19', 1, NULL, 2),
(1534, NULL, 2, '1974-01-20', 1, NULL, 2),
(1535, NULL, 2, '1974-01-21', 1, NULL, 2),
(1536, NULL, 2, '1974-01-22', 1, NULL, 2),
(1537, NULL, 2, '1974-01-23', 1, NULL, 2),
(1538, NULL, 2, '1974-01-24', 1, NULL, 2),
(1539, NULL, 2, '1974-01-25', 1, NULL, 2),
(1540, NULL, 2, '1974-01-26', 1, NULL, 2),
(1541, NULL, 2, '1974-01-27', 1, NULL, 2),
(1542, NULL, 2, '1974-01-28', 1, NULL, 2),
(1543, NULL, 2, '1974-01-29', 1, NULL, 2),
(1544, NULL, 2, '1974-01-30', 1, NULL, 2),
(1545, NULL, 2, '1974-01-31', 1, NULL, 2),
(1546, NULL, 2, '1974-02-01', 1, NULL, 2),
(1547, NULL, 2, '1974-02-02', 1, NULL, 2),
(1548, NULL, 3, '2020-09-01', 1, 2000, 3),
(1549, NULL, 3, '2020-09-02', 1, 2000, 3),
(1550, NULL, 3, '2020-09-03', 1, 2000, 3),
(1551, NULL, 3, '2020-09-04', 1, 2000, 3),
(1552, NULL, 3, '2020-09-05', 1, 2000, 3),
(1553, NULL, 3, '2020-09-06', 1, 2000, 3),
(1554, NULL, 3, '2020-09-07', 1, 2000, 3),
(1555, NULL, 1553, '2020-09-07', 1, NULL, 3),
(1556, NULL, 4, '2020-09-01', 1, NULL, 2),
(1557, NULL, 4, '2020-09-02', 1, NULL, 2),
(1558, NULL, 4, '2020-09-03', 1, NULL, 2),
(1559, NULL, 4, '2020-09-04', 1, NULL, 2),
(1560, NULL, 4, '2020-09-05', 1, NULL, 2),
(1561, NULL, 4, '2020-09-06', 1, NULL, 2),
(1562, NULL, 4, '2020-09-07', 1, NULL, 2),
(1563, 4, 5, '2020-09-01', 1, 2000, 3),
(1564, 4, 5, '2020-09-02', 1, 2000, 3),
(1565, 4, 5, '2020-09-03', 1, 2000, 3),
(1566, 4, 5, '2020-09-04', 0, 2000, 3),
(1567, 4, 5, '2020-09-05', 1, 2000, 3),
(1568, 4, 5, '2020-09-06', 0, 2000, 3),
(1569, 4, 5, '2020-09-07', 1, 2000, 3),
(1570, 4, 6, '2020-09-05', 1, 2000, 3),
(1571, 4, 6, '2020-09-06', 1, 2000, 3),
(1572, 4, 6, '2020-09-07', 1, 2000, 3),
(1573, NULL, 7, '2020-09-01', 1, NULL, 2),
(1574, NULL, 7, '2020-09-02', 1, NULL, 2),
(1575, NULL, 7, '2020-09-03', 1, NULL, 2),
(1576, NULL, 7, '2020-09-04', 1, NULL, 2),
(1577, NULL, 7, '2020-09-05', 1, NULL, 2),
(1578, NULL, 7, '2020-09-06', 1, NULL, 2),
(1579, NULL, 7, '2020-09-07', 1, NULL, 2),
(1580, 7, 8, '2020-09-04', 1, 2000, 3),
(1581, 7, 8, '2020-09-05', 1, 2000, 3),
(1582, 7, 8, '2020-09-06', 1, 2000, 3),
(1583, 7, 8, '2020-09-07', 1, 2000, 3),
(1584, 7, 9, '2020-09-01', 1, 400, 3),
(1585, 7, 9, '2020-09-02', 1, 400, 3),
(1586, 7, 9, '2020-09-03', 1, 400, 3),
(1587, 7, 9, '2020-09-04', 1, 400, 3),
(1588, 7, 9, '2020-09-05', 1, 400, 3),
(1589, 7, 9, '2020-09-06', 1, 400, 3),
(1590, 7, 9, '2020-09-07', 1, 400, 3),
(1591, 7, 10, '2020-08-01', 1, 0, 3),
(1592, 7, 10, '2020-08-02', 1, 0, 3),
(1593, 7, 10, '2020-08-03', 1, 0, 3),
(1594, 7, 10, '2020-08-04', 1, 0, 3),
(1595, 7, 10, '2020-08-05', 1, 0, 3),
(1596, 7, 10, '2020-08-06', 1, 0, 3),
(1597, 7, 10, '2020-08-07', 1, 0, 3),
(1598, 7, 10, '2020-08-08', 1, 0, 3),
(1599, 7, 10, '2020-08-09', 1, 0, 3),
(1600, 7, 10, '2020-08-10', 1, 0, 3),
(1601, 7, 10, '2020-08-11', 1, 0, 3),
(1602, 7, 10, '2020-08-12', 1, 0, 3),
(1603, 7, 10, '2020-08-13', 1, 0, 3),
(1604, 7, 10, '2020-08-14', 1, 0, 3),
(1605, 7, 10, '2020-08-15', 1, 0, 3),
(1606, 7, 10, '2020-08-16', 1, 0, 3),
(1607, 7, 10, '2020-08-17', 1, 0, 3),
(1608, 7, 10, '2020-08-18', 1, 0, 3),
(1609, 7, 10, '2020-08-19', 1, 0, 3),
(1610, 7, 10, '2020-08-20', 1, 0, 3),
(1611, 7, 10, '2020-08-21', 1, 0, 3),
(1612, 7, 10, '2020-08-22', 1, 0, 3),
(1613, 7, 10, '2020-08-23', 1, 0, 3),
(1614, 7, 10, '2020-08-24', 1, 0, 3),
(1615, 7, 10, '2020-08-25', 1, 0, 3),
(1616, 7, 10, '2020-08-26', 1, 0, 3),
(1617, 7, 10, '2020-08-27', 1, 0, 3),
(1618, 7, 10, '2020-08-28', 1, 0, 3),
(1619, 7, 10, '2020-08-29', 1, 0, 3),
(1620, 7, 10, '2020-08-30', 1, 0, 3),
(1621, 7, 10, '2020-08-31', 1, 0, 3),
(1622, 7, 10, '2020-09-01', 1, 0, 3),
(1623, 7, 10, '2020-09-02', 1, 0, 3),
(1624, 7, 10, '2020-09-03', 1, 0, 3),
(1625, 7, 10, '2020-09-04', 1, 0, 3),
(1626, 7, 10, '2020-09-05', 1, 0, 3),
(1627, 7, 10, '2020-09-06', 1, 0, 3),
(1628, 7, 10, '2020-09-07', 1, 0, 3),
(1629, 7, 11, '2020-09-01', 1, 400, 3),
(1630, 7, 11, '2020-09-02', 1, 400, 3),
(1631, 7, 11, '2020-09-03', 1, 400, 3),
(1632, 7, 11, '2020-09-04', 1, 400, 3),
(1633, 7, 11, '2020-09-05', 1, 400, 3),
(1634, 7, 11, '2020-09-06', 1, 400, 3),
(1635, 7, 11, '2020-09-07', 1, 400, 3),
(1636, 4, 12, '2020-09-01', 1, 400, 3),
(1637, 4, 12, '2020-09-02', 1, 400, 3),
(1638, 4, 12, '2020-09-03', 1, 400, 3),
(1639, 4, 12, '2020-09-04', 1, 400, 3),
(1640, 4, 12, '2020-09-05', 1, 400, 3),
(1641, 4, 12, '2020-09-06', 1, 400, 3),
(1642, 4, 12, '2020-09-07', 1, 400, 3),
(1643, 4, 13, '2020-08-01', 1, 400, 3),
(1644, 4, 13, '2020-08-02', 1, 400, 3),
(1645, 4, 13, '2020-08-03', 1, 400, 3),
(1646, 4, 13, '2020-08-04', 1, 400, 3),
(1647, 4, 13, '2020-08-05', 1, 400, 3),
(1648, 4, 13, '2020-08-06', 1, 400, 3),
(1649, 4, 13, '2020-08-07', 1, 400, 3),
(1650, 4, 13, '2020-08-08', 1, 400, 3),
(1651, 4, 13, '2020-08-09', 1, 400, 3),
(1652, 4, 13, '2020-08-10', 1, 400, 3),
(1653, 4, 13, '2020-08-11', 1, 400, 3),
(1654, 4, 13, '2020-08-12', 1, 400, 3),
(1655, 4, 13, '2020-08-13', 1, 400, 3),
(1656, 4, 13, '2020-08-14', 1, 400, 3),
(1657, 4, 13, '2020-08-15', 1, 400, 3),
(1658, 4, 13, '2020-08-16', 1, 400, 3),
(1659, 4, 13, '2020-08-17', 1, 400, 3),
(1660, 4, 13, '2020-08-18', 1, 400, 3),
(1661, 4, 13, '2020-08-19', 1, 400, 3),
(1662, 4, 13, '2020-08-20', 1, 400, 3),
(1663, 4, 13, '2020-08-21', 1, 400, 3),
(1664, 4, 13, '2020-08-22', 1, 400, 3),
(1665, 4, 13, '2020-08-23', 1, 400, 3),
(1666, 4, 13, '2020-08-24', 1, 400, 3),
(1667, 4, 13, '2020-08-25', 1, 400, 3),
(1668, 4, 13, '2020-08-26', 1, 400, 3),
(1669, 4, 13, '2020-08-27', 1, 400, 3),
(1670, 4, 13, '2020-08-28', 1, 400, 3),
(1671, 4, 13, '2020-08-29', 1, 400, 3),
(1672, 4, 13, '2020-08-30', 1, 400, 3),
(1673, 4, 13, '2020-08-31', 1, 400, 3),
(1674, 4, 13, '2020-09-01', 1, 400, 3),
(1675, 4, 13, '2020-09-02', 1, 400, 3),
(1676, 4, 13, '2020-09-03', 1, 400, 3),
(1677, 4, 13, '2020-09-04', 1, 400, 3),
(1678, 4, 13, '2020-09-05', 1, 400, 3),
(1679, 4, 13, '2020-09-06', 1, 400, 3),
(1680, 4, 13, '2020-09-07', 1, 400, 3),
(1681, NULL, 14, '2020-08-01', 1, NULL, 2),
(1682, NULL, 14, '2020-08-02', 1, NULL, 2),
(1683, NULL, 14, '2020-08-03', 1, NULL, 2),
(1684, NULL, 14, '2020-08-04', 1, NULL, 2),
(1685, NULL, 14, '2020-08-05', 1, NULL, 2),
(1686, NULL, 14, '2020-08-06', 1, NULL, 2),
(1687, NULL, 14, '2020-08-07', 1, NULL, 2),
(1688, NULL, 14, '2020-08-08', 1, NULL, 2),
(1689, NULL, 14, '2020-08-09', 1, NULL, 2),
(1690, NULL, 14, '2020-08-10', 1, NULL, 2),
(1691, NULL, 14, '2020-08-11', 1, NULL, 2),
(1692, NULL, 14, '2020-08-12', 1, NULL, 2),
(1693, NULL, 14, '2020-08-13', 1, NULL, 2),
(1694, NULL, 14, '2020-08-14', 1, NULL, 2),
(1695, NULL, 14, '2020-08-15', 1, NULL, 2),
(1696, NULL, 14, '2020-08-16', 1, NULL, 2),
(1697, NULL, 14, '2020-08-17', 1, NULL, 2),
(1698, NULL, 14, '2020-08-18', 1, NULL, 2),
(1699, NULL, 14, '2020-08-19', 1, NULL, 2),
(1700, NULL, 14, '2020-08-20', 1, NULL, 2),
(1701, NULL, 14, '2020-08-21', 1, NULL, 2),
(1702, NULL, 14, '2020-08-22', 1, NULL, 2),
(1703, NULL, 14, '2020-08-23', 1, NULL, 2),
(1704, NULL, 14, '2020-08-24', 1, NULL, 2),
(1705, NULL, 14, '2020-08-25', 1, NULL, 2),
(1706, NULL, 14, '2020-08-26', 1, NULL, 2),
(1707, NULL, 14, '2020-08-27', 1, NULL, 2),
(1708, NULL, 14, '2020-08-28', 1, NULL, 2),
(1709, NULL, 14, '2020-08-29', 1, NULL, 2),
(1710, NULL, 14, '2020-08-30', 1, NULL, 2),
(1711, NULL, 14, '2020-08-31', 1, NULL, 2),
(1712, NULL, 14, '2020-09-01', 1, NULL, 2),
(1713, NULL, 14, '2020-09-02', 1, NULL, 2),
(1714, NULL, 14, '2020-09-03', 1, NULL, 2),
(1715, NULL, 14, '2020-09-04', 1, NULL, 2),
(1716, NULL, 14, '2020-09-05', 1, NULL, 2),
(1717, NULL, 14, '2020-09-06', 1, NULL, 2),
(1718, NULL, 14, '2020-09-07', 1, NULL, 2),
(1719, 14, 15, '2020-08-01', 1, 400, 3),
(1720, 14, 15, '2020-08-02', 1, 400, 3),
(1721, 14, 15, '2020-08-03', 1, 400, 3),
(1722, 14, 15, '2020-08-04', 1, 400, 3),
(1723, 14, 15, '2020-08-05', 1, 400, 3),
(1724, 14, 15, '2020-08-06', 1, 400, 3),
(1725, 14, 15, '2020-08-07', 1, 400, 3),
(1726, 14, 15, '2020-08-08', 1, 400, 3),
(1727, 14, 15, '2020-08-09', 1, 400, 3),
(1728, 14, 15, '2020-08-10', 1, 400, 3),
(1729, 14, 15, '2020-08-11', 1, 400, 3),
(1730, 14, 15, '2020-08-12', 1, 400, 3),
(1731, 14, 15, '2020-08-13', 1, 400, 3),
(1732, 14, 15, '2020-08-14', 1, 400, 3),
(1733, 14, 15, '2020-08-15', 1, 400, 3),
(1734, 14, 15, '2020-08-16', 1, 400, 3),
(1735, 14, 15, '2020-08-17', 1, 400, 3),
(1736, 14, 15, '2020-08-18', 1, 400, 3),
(1737, 14, 15, '2020-08-19', 1, 400, 3),
(1738, 14, 15, '2020-08-20', 1, 400, 3),
(1739, 14, 15, '2020-08-21', 1, 400, 3),
(1740, 14, 15, '2020-08-22', 1, 400, 3),
(1741, 14, 15, '2020-08-23', 1, 400, 3),
(1742, 14, 15, '2020-08-24', 1, 400, 3),
(1743, 14, 15, '2020-08-25', 1, 400, 3),
(1744, 14, 15, '2020-08-26', 1, 400, 3),
(1745, 14, 15, '2020-08-27', 1, 400, 3),
(1746, 14, 15, '2020-08-28', 1, 400, 3),
(1747, 14, 15, '2020-08-29', 1, 400, 3),
(1748, 14, 15, '2020-08-30', 1, 400, 3),
(1749, 14, 15, '2020-08-31', 1, 400, 3),
(1750, 14, 15, '2020-09-01', 1, 400, 3),
(1751, 14, 15, '2020-09-02', 1, 400, 3),
(1752, 14, 15, '2020-09-03', 1, 400, 3),
(1753, 14, 15, '2020-09-04', 1, 400, 3),
(1754, 14, 15, '2020-09-05', 1, 400, 3),
(1755, 14, 15, '2020-09-06', 1, 400, 3),
(1756, 14, 15, '2020-09-07', 1, 400, 3),
(1757, 14, 16, '2020-08-01', 1, 400, 3),
(1758, 14, 16, '2020-08-02', 1, 400, 3),
(1759, 14, 16, '2020-08-03', 1, 400, 3),
(1760, 14, 16, '2020-08-04', 1, 400, 3),
(1761, 14, 16, '2020-08-05', 1, 400, 3),
(1762, 14, 16, '2020-08-06', 1, 400, 3),
(1763, 14, 16, '2020-08-07', 1, 400, 3),
(1764, 14, 16, '2020-08-08', 1, 400, 3),
(1765, 14, 16, '2020-08-09', 1, 400, 3),
(1766, 14, 16, '2020-08-10', 1, 400, 3),
(1767, 14, 16, '2020-08-11', 1, 400, 3),
(1768, 14, 16, '2020-08-12', 1, 400, 3),
(1769, 14, 16, '2020-08-13', 1, 400, 3),
(1770, 14, 16, '2020-08-14', 1, 400, 3),
(1771, 14, 16, '2020-08-15', 1, 400, 3),
(1772, 14, 16, '2020-08-16', 1, 400, 3),
(1773, 14, 16, '2020-08-17', 1, 400, 3),
(1774, 14, 16, '2020-08-18', 1, 400, 3),
(1775, 14, 16, '2020-08-19', 1, 400, 3),
(1776, 14, 16, '2020-08-20', 1, 400, 3),
(1777, 14, 16, '2020-08-21', 1, 400, 3),
(1778, 14, 16, '2020-08-22', 1, 400, 3),
(1779, 14, 16, '2020-08-23', 1, 400, 3),
(1780, 14, 16, '2020-08-24', 1, 400, 3),
(1781, 14, 16, '2020-08-25', 1, 400, 3),
(1782, 14, 16, '2020-08-26', 1, 400, 3),
(1783, 14, 16, '2020-08-27', 1, 400, 3),
(1784, 14, 16, '2020-08-28', 1, 400, 3),
(1785, 14, 16, '2020-08-29', 1, 400, 3),
(1786, 14, 16, '2020-08-30', 1, 400, 3),
(1787, 14, 16, '2020-08-31', 1, 400, 3),
(1788, 14, 16, '2020-09-01', 1, 400, 3),
(1789, 14, 16, '2020-09-02', 1, 400, 3),
(1790, 14, 16, '2020-09-03', 1, 400, 3),
(1791, 14, 16, '2020-09-04', 1, 400, 3),
(1792, 14, 16, '2020-09-05', 1, 400, 3),
(1793, 14, 16, '2020-09-06', 1, 400, 3),
(1794, 14, 16, '2020-09-07', 1, 400, 3),
(1795, 14, 17, '2020-08-01', 1, 400, 3),
(1796, 14, 17, '2020-08-02', 1, 400, 3),
(1797, 14, 17, '2020-08-03', 1, 400, 3),
(1798, 14, 17, '2020-08-04', 1, 400, 3),
(1799, 14, 17, '2020-08-05', 1, 400, 3),
(1800, 14, 17, '2020-08-06', 1, 400, 3),
(1801, 14, 17, '2020-08-07', 1, 400, 3),
(1802, 14, 17, '2020-08-08', 1, 400, 3),
(1803, 14, 17, '2020-08-09', 1, 400, 3),
(1804, 14, 17, '2020-08-10', 1, 400, 3),
(1805, 14, 17, '2020-08-11', 1, 400, 3),
(1806, 14, 17, '2020-08-12', 1, 400, 3),
(1807, 14, 17, '2020-08-13', 1, 400, 3),
(1808, 14, 17, '2020-08-14', 1, 400, 3),
(1809, 14, 17, '2020-08-15', 1, 400, 3),
(1810, 14, 17, '2020-08-16', 1, 400, 3),
(1811, 14, 17, '2020-08-17', 1, 400, 3),
(1812, 14, 17, '2020-08-18', 1, 400, 3),
(1813, 14, 17, '2020-08-19', 1, 400, 3),
(1814, 14, 17, '2020-08-20', 1, 400, 3),
(1815, 14, 17, '2020-08-21', 1, 400, 3),
(1816, 14, 17, '2020-08-22', 1, 400, 3),
(1817, 14, 17, '2020-08-23', 1, 400, 3),
(1818, 14, 17, '2020-08-24', 1, 400, 3),
(1819, 14, 17, '2020-08-25', 1, 400, 3),
(1820, 14, 17, '2020-08-26', 1, 400, 3),
(1821, 14, 17, '2020-08-27', 1, 400, 3),
(1822, 14, 17, '2020-08-28', 1, 400, 3),
(1823, 14, 17, '2020-08-29', 1, 400, 3),
(1824, 14, 17, '2020-08-30', 1, 400, 3),
(1825, 14, 17, '2020-08-31', 1, 400, 3),
(1826, 14, 17, '2020-09-01', 1, 400, 3),
(1827, 14, 17, '2020-09-02', 1, 400, 3),
(1828, 14, 17, '2020-09-03', 1, 400, 3),
(1829, 14, 17, '2020-09-04', 1, 400, 3),
(1830, 14, 17, '2020-09-05', 1, 400, 3),
(1831, 14, 17, '2020-09-06', 1, 400, 3),
(1832, 14, 17, '2020-09-07', 1, 400, 3),
(1833, 14, 18, '2020-08-01', 1, 400, 3),
(1834, 14, 18, '2020-08-02', 1, 400, 3),
(1835, 14, 18, '2020-08-03', 1, 400, 3),
(1836, 14, 18, '2020-08-04', 1, 400, 3),
(1837, 14, 18, '2020-08-05', 1, 400, 3),
(1838, 14, 18, '2020-08-06', 1, 400, 3),
(1839, 14, 18, '2020-08-07', 1, 400, 3),
(1840, 14, 18, '2020-08-08', 1, 400, 3),
(1841, 14, 18, '2020-08-09', 1, 400, 3),
(1842, 14, 18, '2020-08-10', 1, 400, 3),
(1843, 14, 18, '2020-08-11', 1, 400, 3),
(1844, 14, 18, '2020-08-12', 1, 400, 3),
(1845, 14, 18, '2020-08-13', 1, 400, 3),
(1846, 14, 18, '2020-08-14', 1, 400, 3),
(1847, 14, 18, '2020-08-15', 1, 400, 3),
(1848, 14, 18, '2020-08-16', 1, 400, 3),
(1849, 14, 18, '2020-08-17', 1, 400, 3),
(1850, 14, 18, '2020-08-18', 1, 400, 3),
(1851, 14, 18, '2020-08-19', 1, 400, 3),
(1852, 14, 18, '2020-08-20', 1, 400, 3),
(1853, 14, 18, '2020-08-21', 1, 400, 3),
(1854, 14, 18, '2020-08-22', 1, 400, 3),
(1855, 14, 18, '2020-08-23', 1, 400, 3),
(1856, 14, 18, '2020-08-24', 1, 400, 3),
(1857, 14, 18, '2020-08-25', 1, 400, 3),
(1858, 14, 18, '2020-08-26', 1, 400, 3),
(1859, 14, 18, '2020-08-27', 1, 400, 3),
(1860, 14, 18, '2020-08-28', 1, 400, 3),
(1861, 14, 18, '2020-08-29', 1, 400, 3),
(1862, 14, 18, '2020-08-30', 1, 400, 3),
(1863, 14, 18, '2020-08-31', 1, 400, 3),
(1864, 14, 18, '2020-09-01', 1, 400, 3),
(1865, 14, 18, '2020-09-02', 1, 400, 3),
(1866, 14, 18, '2020-09-03', 1, 400, 3),
(1867, 14, 18, '2020-09-04', 1, 400, 3),
(1868, 14, 18, '2020-09-05', 1, 400, 3),
(1869, 14, 18, '2020-09-06', 1, 400, 3),
(1870, 14, 18, '2020-09-07', 1, 400, 3),
(1871, 14, 19, '2020-08-01', 1, 400, 3),
(1872, 14, 19, '2020-08-02', 1, 400, 3),
(1873, 14, 19, '2020-08-03', 1, 400, 3),
(1874, 14, 19, '2020-08-04', 1, 400, 3),
(1875, 14, 19, '2020-08-05', 1, 400, 3),
(1876, 14, 19, '2020-08-06', 1, 400, 3),
(1877, 14, 19, '2020-08-07', 1, 400, 3),
(1878, 14, 19, '2020-08-08', 1, 400, 3),
(1879, 14, 19, '2020-08-09', 1, 400, 3),
(1880, 14, 19, '2020-08-10', 1, 400, 3),
(1881, 14, 19, '2020-08-11', 1, 400, 3),
(1882, 14, 19, '2020-08-12', 1, 400, 3),
(1883, 14, 19, '2020-08-13', 1, 400, 3),
(1884, 14, 19, '2020-08-14', 1, 400, 3),
(1885, 14, 19, '2020-08-15', 1, 400, 3),
(1886, 14, 19, '2020-08-16', 1, 400, 3),
(1887, 14, 19, '2020-08-17', 1, 400, 3),
(1888, 14, 19, '2020-08-18', 1, 400, 3),
(1889, 14, 19, '2020-08-19', 1, 400, 3),
(1890, 14, 19, '2020-08-20', 1, 400, 3),
(1891, 14, 19, '2020-08-21', 1, 400, 3),
(1892, 14, 19, '2020-08-22', 1, 400, 3),
(1893, 14, 19, '2020-08-23', 1, 400, 3),
(1894, 14, 19, '2020-08-24', 1, 400, 3),
(1895, 14, 19, '2020-08-25', 1, 400, 3),
(1896, 14, 19, '2020-08-26', 1, 400, 3),
(1897, 14, 19, '2020-08-27', 1, 400, 3),
(1898, 14, 19, '2020-08-28', 1, 400, 3),
(1899, 14, 19, '2020-08-29', 1, 400, 3),
(1900, 14, 19, '2020-08-30', 1, 400, 3),
(1901, 14, 19, '2020-08-31', 1, 400, 3),
(1902, 14, 19, '2020-09-01', 1, 400, 3),
(1903, 14, 19, '2020-09-02', 1, 400, 3),
(1904, 14, 19, '2020-09-03', 1, 400, 3),
(1905, 14, 19, '2020-09-04', 1, 400, 3),
(1906, 14, 19, '2020-09-05', 1, 400, 3),
(1907, 14, 19, '2020-09-06', 1, 400, 3),
(1908, 14, 19, '2020-09-07', 1, 400, 3),
(1909, 14, 20, '2020-08-01', 1, 400, 3),
(1910, 14, 20, '2020-08-02', 1, 400, 3),
(1911, 14, 20, '2020-08-03', 1, 400, 3),
(1912, 14, 20, '2020-08-04', 1, 400, 3),
(1913, 14, 20, '2020-08-05', 1, 400, 3),
(1914, 14, 20, '2020-08-06', 1, 400, 3),
(1915, 14, 20, '2020-08-07', 1, 400, 3),
(1916, 14, 20, '2020-08-08', 1, 400, 3),
(1917, 14, 20, '2020-08-09', 1, 400, 3),
(1918, 14, 20, '2020-08-10', 1, 400, 3),
(1919, 14, 20, '2020-08-11', 1, 400, 3),
(1920, 14, 20, '2020-08-12', 0, 400, 3),
(1921, 14, 20, '2020-08-13', 1, 400, 3),
(1922, 14, 20, '2020-08-14', 1, 400, 3),
(1923, 14, 20, '2020-08-15', 1, 400, 3),
(1924, 14, 20, '2020-08-16', 1, 400, 3),
(1925, 14, 20, '2020-08-17', 1, 400, 3),
(1926, 14, 20, '2020-08-18', 1, 400, 3),
(1927, 14, 20, '2020-08-19', 1, 400, 3),
(1928, 14, 20, '2020-08-20', 1, 400, 3),
(1929, 14, 20, '2020-08-21', 1, 400, 3),
(1930, 14, 20, '2020-08-22', 1, 400, 3),
(1931, 14, 20, '2020-08-23', 1, 400, 3),
(1932, 14, 20, '2020-08-24', 1, 400, 3),
(1933, 14, 20, '2020-08-25', 1, 400, 3),
(1934, 14, 20, '2020-08-26', 1, 400, 3),
(1935, 14, 20, '2020-08-27', 1, 400, 3),
(1936, 14, 20, '2020-08-28', 0, 400, 3),
(1937, 14, 20, '2020-08-29', 1, 400, 3),
(1938, 14, 20, '2020-08-30', 1, 400, 3),
(1939, 14, 20, '2020-08-31', 1, 400, 3),
(1940, 14, 20, '2020-09-01', 1, 400, 3),
(1941, 14, 20, '2020-09-02', 1, 400, 3),
(1942, 14, 20, '2020-09-03', 0, 400, 3),
(1943, 14, 20, '2020-09-04', 1, 400, 3),
(1944, 14, 20, '2020-09-05', 1, 400, 3),
(1945, 14, 20, '2020-09-06', 1, 400, 3),
(1946, 14, 20, '2020-09-07', 1, 400, 3),
(1947, NULL, 8, '2020-07-01', 1, 2000, 1),
(1948, NULL, 8, '2020-07-02', 1, 2000, 1),
(1949, NULL, 8, '2020-07-03', 1, 2000, 1),
(1950, NULL, 8, '2020-07-04', 1, 2000, 1),
(1951, NULL, 8, '2020-07-05', 1, 2000, 1),
(1952, NULL, 8, '2020-07-06', 1, 2000, 1),
(1953, NULL, 8, '2020-07-07', 1, 2000, 1),
(1954, NULL, 8, '2020-07-08', 1, 2000, 1),
(1955, NULL, 8, '2020-07-09', 1, 2000, 1),
(1956, NULL, 8, '2020-07-10', 1, 2000, 1),
(1957, NULL, 8, '2020-07-11', 1, 2000, 1),
(1958, NULL, 8, '2020-07-12', 1, 2000, 1),
(1959, NULL, 8, '2020-07-13', 1, 2000, 1),
(1960, NULL, 8, '2020-07-14', 1, 2000, 1),
(1961, NULL, 8, '2020-07-15', 1, 2000, 1),
(1962, NULL, 8, '2020-07-16', 1, 2000, 1),
(1963, NULL, 8, '2020-07-17', 1, 2000, 1),
(1964, NULL, 8, '2020-07-18', 1, 2000, 1),
(1965, NULL, 8, '2020-07-19', 1, 2000, 1),
(1966, NULL, 8, '2020-07-20', 1, 2000, 1),
(1967, NULL, 8, '2020-07-21', 1, 2000, 1),
(1968, NULL, 8, '2020-07-22', 1, 2000, 1),
(1969, NULL, 8, '2020-07-23', 1, 2000, 1),
(1970, NULL, 8, '2020-07-24', 1, 2000, 1),
(1971, NULL, 8, '2020-07-25', 1, 2000, 1),
(1972, NULL, 8, '2020-07-26', 1, 2000, 1),
(1973, NULL, 8, '2020-07-27', 1, 2000, 1),
(1974, NULL, 8, '2020-07-28', 1, 2000, 1),
(1975, NULL, 8, '2020-07-29', 1, 2000, 1),
(1976, NULL, 8, '2020-07-30', 1, 2000, 1),
(1977, NULL, 8, '2020-07-31', 1, 2000, 1),
(1978, NULL, 8, '2020-08-01', 1, 2000, 1),
(1979, NULL, 8, '2020-08-02', 1, 2000, 1),
(1980, NULL, 8, '2020-08-03', 1, 2000, 1),
(1981, NULL, 8, '2020-08-04', 1, 2000, 1),
(1982, NULL, 8, '2020-08-05', 1, 2000, 1),
(1983, NULL, 8, '2020-08-06', 1, 2000, 1),
(1984, NULL, 8, '2020-08-07', 1, 2000, 1),
(1985, NULL, 8, '2020-08-08', 1, 2000, 1),
(1986, NULL, 8, '2020-08-09', 1, 2000, 1),
(1987, NULL, 8, '2020-08-10', 1, 2000, 1),
(1988, NULL, 8, '2020-08-11', 1, 2000, 1),
(1989, NULL, 8, '2020-08-12', 1, 2000, 1),
(1990, NULL, 8, '2020-08-13', 1, 2000, 1),
(1991, NULL, 8, '2020-08-14', 1, 2000, 1),
(1992, NULL, 8, '2020-08-15', 1, 2000, 1),
(1993, NULL, 8, '2020-08-16', 1, 2000, 1),
(1994, NULL, 8, '2020-08-17', 1, 2000, 1),
(1995, NULL, 8, '2020-08-18', 1, 2000, 1),
(1996, NULL, 8, '2020-08-19', 1, 2000, 1),
(1997, NULL, 8, '2020-08-20', 1, 2000, 1),
(1998, NULL, 8, '2020-08-21', 1, 2000, 1),
(1999, NULL, 8, '2020-08-22', 1, 2000, 1),
(2000, NULL, 8, '2020-08-23', 1, 2000, 1),
(2001, NULL, 8, '2020-08-24', 1, 2000, 1),
(2002, NULL, 8, '2020-08-25', 1, 2000, 1),
(2003, NULL, 8, '2020-08-26', 1, 2000, 1),
(2004, NULL, 8, '2020-08-27', 1, 2000, 1),
(2005, NULL, 8, '2020-08-28', 1, 2000, 1),
(2006, NULL, 8, '2020-08-29', 1, 2000, 1),
(2007, NULL, 8, '2020-08-30', 1, 2000, 1),
(2008, NULL, 8, '2020-08-31', 0, 2000, 1),
(2009, NULL, 8, '2020-09-01', 1, 2000, 1),
(2010, NULL, 8, '2020-09-02', 0, 2000, 1),
(2011, NULL, 8, '2020-09-03', 1, 2000, 1),
(2012, NULL, 8, '2020-09-04', 1, 2000, 1),
(2013, NULL, 8, '2020-09-05', 1, 2000, 1),
(2014, NULL, 8, '2020-09-06', 0, 2000, 1),
(2015, NULL, 8, '2020-09-07', 1, 2000, 1),
(2016, NULL, 8, '2020-09-10', 1, 2000, 1),
(2017, NULL, 14, '2020-09-10', 1, NULL, 2),
(2018, NULL, 19, '2020-09-10', 1, NULL, 3);

-- --------------------------------------------------------

--
-- Table structure for table `expenses`
--

CREATE TABLE `expenses` (
  `id` int(11) NOT NULL,
  `seasonId` int(11) DEFAULT NULL,
  `expenseType` int(11) DEFAULT NULL COMMENT '1=transport , 2=labour, 3= other',
  `expenseTittle` text,
  `ownerName` varchar(255) DEFAULT NULL,
  `ownerMobile` varchar(255) DEFAULT NULL,
  `driverName` varchar(255) DEFAULT NULL,
  `driverNumber` varchar(255) DEFAULT NULL,
  `transportNumber` varchar(255) DEFAULT NULL,
  `transportStartDate` date DEFAULT NULL COMMENT 'when transport hire',
  `transportEndDate` date DEFAULT NULL COMMENT 'when transport end',
  `isTransportEnd` int(11) NOT NULL DEFAULT '0' COMMENT '1=end,0=no',
  `transportHireAmount` int(11) DEFAULT NULL COMMENT 'in which transport hired monthly',
  `transportPaidAmount` int(11) DEFAULT NULL COMMENT 'how ,uch amount given to transporter',
  `expenseAmount` int(11) DEFAULT NULL,
  `expenseDescription` text,
  `expenseDate` date DEFAULT NULL,
  `createdOn` date DEFAULT NULL,
  `updatedOn` date DEFAULT NULL
) ENGINE=InnoDB DEFAULT CHARSET=latin1;

--
-- Dumping data for table `expenses`
--

INSERT INTO `expenses` (`id`, `seasonId`, `expenseType`, `expenseTittle`, `ownerName`, `ownerMobile`, `driverName`, `driverNumber`, `transportNumber`, `transportStartDate`, `transportEndDate`, `isTransportEnd`, `transportHireAmount`, `transportPaidAmount`, `expenseAmount`, `expenseDescription`, `expenseDate`, `createdOn`, `updatedOn`) VALUES
(1, 2, 1, NULL, 'Saad Chaudhary', '0303-9774746', 'Imran Khan', '0333-1231231', 'PTI-420-18', '2020-09-02', NULL, 0, 60000, 20000, NULL, 'For Sargodha To Bhalwal Supply', NULL, '2020-09-02', NULL),
(3, 1, 1, NULL, 'Saad Chaudhary', '0303-9774746', 'Imran Khan', '0333-1231231', 'PTI-420-18', '2020-08-30', '2020-09-03', 0, 2000, 4000, NULL, 'test', NULL, '2020-09-03', NULL),
(4, 1, 1, NULL, 'Malik Riaz', '0303-2342342', 'Rab Nawaz', '0333-1231231', 'LEC 576 14', '2020-09-03', NULL, 0, 2000, NULL, NULL, 'Sargodha sy mianwali k liye mazda', NULL, '2020-09-03', NULL),
(5, 1, 1, NULL, 'Malik Riaz', '0303-9774746', 'ali', '0333-1231231', '8723', '2020-08-01', '2020-09-03', 1, 2166, NULL, NULL, 'test', NULL, '2020-09-03', NULL),
(6, 2, 3, 'Bijli Bill', NULL, NULL, NULL, NULL, NULL, NULL, NULL, 0, NULL, NULL, 50000, NULL, '1970-01-01', '2020-09-03', NULL),
(7, 1, 3, 'Bijli Bill', NULL, NULL, NULL, NULL, NULL, NULL, NULL, 0, NULL, NULL, 100000, NULL, '2020-09-07', '2020-09-07', NULL),
(8, 3, 1, NULL, 'Saad Chaudhary', '0303-9774746', 'ali', '0333-1231231', '8723', '2020-07-01', NULL, 0, 2000, NULL, NULL, 'rent', NULL, '2020-09-07', NULL);

-- --------------------------------------------------------

--
-- Table structure for table `garden_purchasing`
--

CREATE TABLE `garden_purchasing` (
  `id` int(11) NOT NULL,
  `landlordName` varchar(255) DEFAULT NULL,
  `landlordPhone` varchar(255) DEFAULT NULL,
  `landlordCNIC` varchar(255) DEFAULT NULL,
  `distirctCity` varchar(255) DEFAULT NULL,
  `gardenLocation` text,
  `reference` text,
  `purchaseAmount` int(11) DEFAULT NULL,
  `bayana` int(11) DEFAULT NULL COMMENT 'first payment, detuct from original amount',
  `ifBayanaPaid` int(11) NOT NULL COMMENT '1=yes,0=no',
  `bayanaDate` date NOT NULL COMMENT 'Date When bayana is paid',
  `bayanaEditDate` date DEFAULT NULL COMMENT 'When Bayana update or edited',
  `comingInstallmentDate` date DEFAULT NULL,
  `comingInstallmentDateUpdate` date DEFAULT NULL,
  `gardenAcre` int(11) DEFAULT NULL,
  `endDate` date DEFAULT NULL COMMENT 'end of cutting date',
  `jinasType` int(11) DEFAULT NULL COMMENT '1= by tree, 2= by pieces',
  `jinasValue` int(11) DEFAULT NULL,
  `seasonId` int(11) DEFAULT NULL,
  `status` int(11) DEFAULT NULL COMMENT '1=active,0=deactive',
  `createdOn` timestamp NULL DEFAULT CURRENT_TIMESTAMP,
  `updatedOn` text,
  `deletedOn` text
) ENGINE=InnoDB DEFAULT CHARSET=latin1;

--
-- Dumping data for table `garden_purchasing`
--

INSERT INTO `garden_purchasing` (`id`, `landlordName`, `landlordPhone`, `landlordCNIC`, `distirctCity`, `gardenLocation`, `reference`, `purchaseAmount`, `bayana`, `ifBayanaPaid`, `bayanaDate`, `bayanaEditDate`, `comingInstallmentDate`, `comingInstallmentDateUpdate`, `gardenAcre`, `endDate`, `jinasType`, `jinasValue`, `seasonId`, `status`, `createdOn`, `updatedOn`, `deletedOn`) VALUES
(1, 'SAAD CHAUDHARY', '0303-9774746', NULL, NULL, 'Chak 90, Garden 6, Bhalwal.', 'Rana Mehboob', 900000, 10000, 1, '2020-08-31', '2020-09-01', '2020-10-01', NULL, 5, '2020-12-30', 2, 1000, 1, 1, '2020-09-01 14:59:03', '2020-09-01', NULL),
(2, 'awais', '0306-8648102', NULL, NULL, '102 chak', 'mehboob', 1200000, 50000, 1, '2020-08-11', NULL, '1970-01-01', NULL, 10, '2020-07-15', 2, 1000, 1, 1, '2020-09-03 16:21:42', NULL, NULL),
(3, 'hamadd', '0300-0000000', NULL, NULL, '118', 'bilal', 725000, 170000, 1, '2020-08-07', NULL, '1970-01-01', NULL, 6, '2021-03-15', 1, 1000, 3, 1, '2020-09-07 18:28:58', '2020-09-10', NULL);

-- --------------------------------------------------------

--
-- Table structure for table `groups`
--

CREATE TABLE `groups` (
  `id` mediumint(8) UNSIGNED NOT NULL,
  `name` varchar(20) NOT NULL,
  `description` varchar(100) NOT NULL
) ENGINE=InnoDB DEFAULT CHARSET=utf8;

--
-- Dumping data for table `groups`
--

INSERT INTO `groups` (`id`, `name`, `description`) VALUES
(1, 'admin', 'Administrator');

-- --------------------------------------------------------

--
-- Table structure for table `login_attempts`
--

CREATE TABLE `login_attempts` (
  `id` int(11) UNSIGNED NOT NULL,
  `ip_address` varchar(45) NOT NULL,
  `login` varchar(100) NOT NULL,
  `time` int(11) UNSIGNED DEFAULT NULL
) ENGINE=InnoDB DEFAULT CHARSET=utf8;

-- --------------------------------------------------------

--
-- Table structure for table `payments`
--

CREATE TABLE `payments` (
  `id` int(11) NOT NULL,
  `amount` int(11) DEFAULT NULL COMMENT 'installment Amount',
  `paymentDescription` text,
  `paymentDate` date DEFAULT NULL,
  `gardenId` int(11) DEFAULT NULL,
  `paymentOfExpenseId` int(11) DEFAULT NULL,
  `paymentOfForemanId` int(11) DEFAULT NULL,
  `foremanPaymentType` int(11) DEFAULT NULL COMMENT '1=foreman,0=labour',
  `createdOn` date DEFAULT NULL,
  `updatedOn` date DEFAULT NULL,
  `deletedOn` date DEFAULT NULL
) ENGINE=InnoDB DEFAULT CHARSET=latin1;

--
-- Dumping data for table `payments`
--

INSERT INTO `payments` (`id`, `amount`, `paymentDescription`, `paymentDate`, `gardenId`, `paymentOfExpenseId`, `paymentOfForemanId`, `foremanPaymentType`, `createdOn`, `updatedOn`, `deletedOn`) VALUES
(1, 100000, 'Installment', '2020-09-01', 1, NULL, NULL, NULL, '2020-09-01', NULL, NULL),
(2, 100000, 'Installment', '2020-09-01', 1, NULL, NULL, NULL, '2020-09-01', NULL, NULL),
(3, 100000, 'khaad', '2020-08-31', 1, NULL, NULL, NULL, '2020-09-01', NULL, NULL),
(4, 100000, 'Khaad', '2020-09-01', 1, NULL, NULL, NULL, '2020-09-01', '2020-09-01', NULL),
(5, 50000, 'installment', '2020-09-02', 1, NULL, NULL, NULL, '2020-09-01', NULL, NULL),
(7, 10000, 'First Payment When Transport Start', '2020-09-03', NULL, 3, NULL, NULL, NULL, NULL, NULL),
(8, 10000, '', '2020-09-03', NULL, 3, NULL, NULL, NULL, NULL, NULL),
(9, 10000, '', '2020-09-03', NULL, 3, NULL, NULL, NULL, NULL, NULL),
(10, 10000, 'First Payment When Transport Starts', '2020-09-03', NULL, 4, NULL, NULL, NULL, NULL, NULL),
(11, 0, 'First Payment When Transport Starts', '2020-08-01', NULL, 5, NULL, NULL, NULL, NULL, NULL),
(12, 100000, 'test', '2020-09-01', NULL, 5, NULL, NULL, NULL, NULL, NULL),
(13, 250000, 'chothai', '2020-08-31', 2, NULL, NULL, NULL, '2020-09-03', NULL, NULL),
(14, 200000, 'khad', '2020-09-01', 2, NULL, NULL, NULL, '2020-09-03', NULL, NULL),
(15, 10000, 'FOREMAN PAYMENT', '2020-09-07', NULL, NULL, 1, 1, NULL, NULL, NULL),
(16, 100000, 'Payment For Labours', '2020-09-08', NULL, NULL, 1, 2, NULL, NULL, NULL),
(17, 10000, 'FOREMAN PAYMENT', '2020-09-07', NULL, NULL, 4, 1, NULL, NULL, NULL),
(18, 50000, 'Labours Payment', '2020-09-07', NULL, NULL, 4, 2, NULL, NULL, NULL),
(19, 600000, 'labure', '2020-08-01', NULL, NULL, 7, 1, NULL, NULL, NULL),
(20, 600000, 'labour', '2020-07-30', NULL, NULL, 14, 2, NULL, NULL, NULL),
(21, 50000, 'Foreman Payment', '2020-09-01', NULL, NULL, 14, 1, NULL, NULL, NULL),
(22, 100000, '', '2020-09-01', 3, NULL, NULL, NULL, '2020-09-07', NULL, NULL),
(23, 0, 'First Payment When Transport Starts', '2020-07-01', NULL, 8, NULL, NULL, NULL, NULL, NULL),
(24, 150000, 'total payment', '2020-09-07', NULL, 8, NULL, NULL, NULL, NULL, NULL);

-- --------------------------------------------------------

--
-- Table structure for table `seasons`
--

CREATE TABLE `seasons` (
  `id` int(11) NOT NULL,
  `season` varchar(255) DEFAULT NULL,
  `isCurrent` int(11) DEFAULT NULL COMMENT '1=current season',
  `addedOn` date DEFAULT NULL,
  `updatedOn` date DEFAULT NULL
) ENGINE=InnoDB DEFAULT CHARSET=latin1;

--
-- Dumping data for table `seasons`
--

INSERT INTO `seasons` (`id`, `season`, `isCurrent`, `addedOn`, `updatedOn`) VALUES
(1, '2020-2021', 1, '2020-09-01', NULL),
(2, '2021-2022', 1, '2020-09-01', NULL),
(3, '2020-2021', 1, '2020-09-07', NULL);

-- --------------------------------------------------------

--
-- Table structure for table `staff`
--

CREATE TABLE `staff` (
  `id` int(11) NOT NULL,
  `seasonId` int(11) DEFAULT NULL,
  `foremanId` int(11) NOT NULL DEFAULT '0',
  `name` varchar(255) DEFAULT NULL,
  `mobile` varchar(255) DEFAULT NULL,
  `CNIC` varchar(255) DEFAULT NULL,
  `address` text,
  `foremanSeasonFixAmount` int(11) NOT NULL DEFAULT '0',
  `perdayAmount` varchar(255) DEFAULT NULL,
  `role` int(11) DEFAULT NULL COMMENT '1=foreman',
  `startDate` date DEFAULT NULL,
  `ifSessionEnd` int(11) DEFAULT '0' COMMENT '1=yes,0=no',
  `endDate` date DEFAULT NULL COMMENT 'session end date',
  `createdOn` date DEFAULT NULL,
  `updatedOn` date DEFAULT NULL
) ENGINE=InnoDB DEFAULT CHARSET=latin1;

--
-- Dumping data for table `staff`
--

INSERT INTO `staff` (`id`, `seasonId`, `foremanId`, `name`, `mobile`, `CNIC`, `address`, `foremanSeasonFixAmount`, `perdayAmount`, `role`, `startDate`, `ifSessionEnd`, `endDate`, `createdOn`, `updatedOn`) VALUES
(4, 1, 0, 'Malik Riaz', '0303-9774746', '34342-3423423-4', 'TEST TEST TEST', 100000, NULL, 1, '2020-09-01', 0, NULL, '2020-09-07', NULL),
(5, 1, 4, 'Ghulam Abbas', '0243-4234234', NULL, NULL, 0, '2000', 2, '2020-09-01', 0, NULL, '2020-09-07', NULL),
(6, 1, 4, 'Khuram', '0303-9774746', NULL, NULL, 0, '2000', 2, '2020-09-05', 0, NULL, '2020-09-07', NULL),
(8, 1, 7, 'TEST LABOUR', '0303-9774746', NULL, NULL, 0, '2000', 2, '2020-09-04', 0, NULL, '2020-09-07', NULL),
(9, 1, 7, 'arslan', '', NULL, NULL, 0, '400', 2, '2020-09-01', 0, NULL, '2020-09-07', NULL),
(10, 1, 7, 'TEST', '', NULL, NULL, 0, '', 2, '2020-08-01', 0, NULL, '2020-09-07', NULL),
(11, 1, 7, 'TEST', '0243-4234234', NULL, NULL, 0, '400', 2, '2020-09-01', 0, NULL, '2020-09-07', NULL),
(12, 1, 4, 'TEST', '0303-9774746', NULL, NULL, 0, '400', 2, '2020-09-01', 0, NULL, '2020-09-07', NULL),
(13, 1, 4, 'Name', '', NULL, NULL, 0, '400', 2, '2020-08-01', 0, NULL, '2020-09-07', NULL),
(14, 3, 0, 'safdar', '0303-9774746', '34342-3423423-4', 'multan', 100000, NULL, 1, '2020-08-01', 0, NULL, '2020-09-07', NULL),
(15, 3, 14, 'ali', '', NULL, NULL, 0, '400', 2, '2020-08-01', 0, NULL, '2020-09-07', NULL),
(16, 3, 14, 'ahsan', '', NULL, NULL, 0, '400', 2, '2020-08-01', 0, NULL, '2020-09-07', NULL),
(17, 3, 14, 'amir', '', NULL, NULL, 0, '400', 2, '2020-08-01', 0, NULL, '2020-09-07', NULL),
(18, 3, 14, 'amir', '', NULL, NULL, 0, '400', 2, '2020-08-01', 0, NULL, '2020-09-07', NULL),
(19, 3, 14, 'qasim', '', NULL, NULL, 0, '400', 2, '2020-08-01', 0, NULL, '2020-09-07', NULL),
(20, 3, 14, 'qasim', '', NULL, NULL, 0, '400', 2, '2020-08-01', 0, NULL, '2020-09-07', NULL);

-- --------------------------------------------------------

--
-- Table structure for table `users`
--

CREATE TABLE `users` (
  `id` int(11) UNSIGNED NOT NULL,
  `ip_address` varchar(45) NOT NULL,
  `username` varchar(100) DEFAULT NULL,
  `password` varchar(255) NOT NULL,
  `email` varchar(254) NOT NULL,
  `activation_selector` varchar(255) DEFAULT NULL,
  `activation_code` varchar(255) DEFAULT NULL,
  `forgotten_password_selector` varchar(255) DEFAULT NULL,
  `forgotten_password_code` varchar(255) DEFAULT NULL,
  `forgotten_password_time` int(11) UNSIGNED DEFAULT NULL,
  `remember_selector` varchar(255) DEFAULT NULL,
  `remember_code` varchar(255) DEFAULT NULL,
  `created_on` int(11) UNSIGNED NOT NULL,
  `last_login` int(11) UNSIGNED DEFAULT NULL,
  `active` tinyint(1) UNSIGNED DEFAULT NULL,
  `first_name` varchar(50) DEFAULT NULL,
  `last_name` varchar(50) DEFAULT NULL,
  `company` varchar(100) DEFAULT NULL,
  `phone` varchar(20) DEFAULT NULL
) ENGINE=InnoDB DEFAULT CHARSET=utf8;

--
-- Dumping data for table `users`
--

INSERT INTO `users` (`id`, `ip_address`, `username`, `password`, `email`, `activation_selector`, `activation_code`, `forgotten_password_selector`, `forgotten_password_code`, `forgotten_password_time`, `remember_selector`, `remember_code`, `created_on`, `last_login`, `active`, `first_name`, `last_name`, `company`, `phone`) VALUES
(1, '127.0.0.1', 'administrator', '$2y$12$2/SS7yJQ.Yzo3l9vlXnSSeA/YErwyBHRqpr1kfOD/73ZBNJkh0TZy', 'admin@admin.com', NULL, '', NULL, NULL, NULL, NULL, NULL, 1268889823, 1599689501, 1, 'Admin', 'istrator', 'ADMIN', '0');

-- --------------------------------------------------------

--
-- Table structure for table `users_groups`
--

CREATE TABLE `users_groups` (
  `id` int(11) UNSIGNED NOT NULL,
  `user_id` int(11) UNSIGNED NOT NULL,
  `group_id` mediumint(8) UNSIGNED NOT NULL
) ENGINE=InnoDB DEFAULT CHARSET=utf8;

--
-- Dumping data for table `users_groups`
--

INSERT INTO `users_groups` (`id`, `user_id`, `group_id`) VALUES
(1, 1, 1);

--
-- Indexes for dumped tables
--

--
-- Indexes for table `daily_attendance`
--
ALTER TABLE `daily_attendance`
  ADD PRIMARY KEY (`id`);

--
-- Indexes for table `expenses`
--
ALTER TABLE `expenses`
  ADD PRIMARY KEY (`id`);

--
-- Indexes for table `garden_purchasing`
--
ALTER TABLE `garden_purchasing`
  ADD PRIMARY KEY (`id`);

--
-- Indexes for table `groups`
--
ALTER TABLE `groups`
  ADD PRIMARY KEY (`id`);

--
-- Indexes for table `login_attempts`
--
ALTER TABLE `login_attempts`
  ADD PRIMARY KEY (`id`);

--
-- Indexes for table `payments`
--
ALTER TABLE `payments`
  ADD PRIMARY KEY (`id`);

--
-- Indexes for table `seasons`
--
ALTER TABLE `seasons`
  ADD PRIMARY KEY (`id`);

--
-- Indexes for table `staff`
--
ALTER TABLE `staff`
  ADD PRIMARY KEY (`id`);

--
-- Indexes for table `users`
--
ALTER TABLE `users`
  ADD PRIMARY KEY (`id`),
  ADD UNIQUE KEY `uc_email` (`email`),
  ADD UNIQUE KEY `uc_activation_selector` (`activation_selector`),
  ADD UNIQUE KEY `uc_forgotten_password_selector` (`forgotten_password_selector`),
  ADD UNIQUE KEY `uc_remember_selector` (`remember_selector`);

--
-- Indexes for table `users_groups`
--
ALTER TABLE `users_groups`
  ADD PRIMARY KEY (`id`),
  ADD UNIQUE KEY `uc_users_groups` (`user_id`,`group_id`),
  ADD KEY `fk_users_groups_users1_idx` (`user_id`),
  ADD KEY `fk_users_groups_groups1_idx` (`group_id`);

--
-- AUTO_INCREMENT for dumped tables
--

--
-- AUTO_INCREMENT for table `daily_attendance`
--
ALTER TABLE `daily_attendance`
  MODIFY `id` int(11) NOT NULL AUTO_INCREMENT, AUTO_INCREMENT=2019;
--
-- AUTO_INCREMENT for table `expenses`
--
ALTER TABLE `expenses`
  MODIFY `id` int(11) NOT NULL AUTO_INCREMENT, AUTO_INCREMENT=9;
--
-- AUTO_INCREMENT for table `garden_purchasing`
--
ALTER TABLE `garden_purchasing`
  MODIFY `id` int(11) NOT NULL AUTO_INCREMENT, AUTO_INCREMENT=4;
--
-- AUTO_INCREMENT for table `groups`
--
ALTER TABLE `groups`
  MODIFY `id` mediumint(8) UNSIGNED NOT NULL AUTO_INCREMENT, AUTO_INCREMENT=2;
--
-- AUTO_INCREMENT for table `login_attempts`
--
ALTER TABLE `login_attempts`
  MODIFY `id` int(11) UNSIGNED NOT NULL AUTO_INCREMENT;
--
-- AUTO_INCREMENT for table `payments`
--
ALTER TABLE `payments`
  MODIFY `id` int(11) NOT NULL AUTO_INCREMENT, AUTO_INCREMENT=25;
--
-- AUTO_INCREMENT for table `seasons`
--
ALTER TABLE `seasons`
  MODIFY `id` int(11) NOT NULL AUTO_INCREMENT, AUTO_INCREMENT=4;
--
-- AUTO_INCREMENT for table `staff`
--
ALTER TABLE `staff`
  MODIFY `id` int(11) NOT NULL AUTO_INCREMENT, AUTO_INCREMENT=21;
--
-- AUTO_INCREMENT for table `users`
--
ALTER TABLE `users`
  MODIFY `id` int(11) UNSIGNED NOT NULL AUTO_INCREMENT, AUTO_INCREMENT=2;
--
-- AUTO_INCREMENT for table `users_groups`
--
ALTER TABLE `users_groups`
  MODIFY `id` int(11) UNSIGNED NOT NULL AUTO_INCREMENT, AUTO_INCREMENT=2;
--
-- Constraints for dumped tables
--

--
-- Constraints for table `users_groups`
--
ALTER TABLE `users_groups`
  ADD CONSTRAINT `fk_users_groups_groups1` FOREIGN KEY (`group_id`) REFERENCES `groups` (`id`) ON DELETE CASCADE ON UPDATE NO ACTION,
  ADD CONSTRAINT `fk_users_groups_users1` FOREIGN KEY (`user_id`) REFERENCES `users` (`id`) ON DELETE CASCADE ON UPDATE NO ACTION;

/*!40101 SET CHARACTER_SET_CLIENT=@OLD_CHARACTER_SET_CLIENT */;
/*!40101 SET CHARACTER_SET_RESULTS=@OLD_CHARACTER_SET_RESULTS */;
/*!40101 SET COLLATION_CONNECTION=@OLD_COLLATION_CONNECTION */;
